Date,Open,High,Low,Close,Adj Close,Volume,SMA_10,SMA_50,EMA_10,EMA_50,Bollinger_Upper,Bollinger_Middle,Bollinger_Lower,ATR_14,RSI_14,MACD,MACD_Signal,ADX_14,DI+_14,DI-_14,CCI_14
2023-12-01 00:00:00+00:00,190.3300018310547,191.55999755859372,189.22999572753903,191.2400054931641,190.3076629638672,45679300,190.38099822998046,179.45160064697265,189.52635194962238,179.45160064697265,195.7009772896327,187.15849914550782,178.61602100138293,2.58194006990562,68.56921849738201,3.5216381562759977,3.5679212836807706,35.83521636864455,33.66937283518924,14.370642486051379,64.55769145863086
2023-12-04 00:00:00+00:00,189.97999572753903,190.0500030517578,187.4499969482422,189.42999267578125,188.50650024414065,43389500,190.35499725341796,179.7444006347656,189.50883208165124,179.84291013829846,194.8888211905913,187.79749908447266,180.70617697835402,2.6704060913097134,61.686386677913895,3.293324092653478,3.513001845475312,35.07641072954185,30.17005934794886,17.758286173978064,-71.94976657616161
2023-12-05 00:00:00+00:00,190.2100067138672,194.3999938964844,190.17999267578125,193.4199981689453,192.47705078125,66628400,190.55199737548827,180.09120056152344,190.21995318843196,180.3753449630297,194.82485991699085,188.50699920654296,182.18913849609507,2.838501161600992,69.05937528670647,3.3952058303793535,3.4894426424561202,35.56902208575558,37.51082628540953,15.485429414150143,200.93382590875106
2023-12-06 00:00:00+00:00,194.4499969482422,194.75999450683597,192.1100006103516,192.32000732421875,191.3824157714844,41089700,190.71999816894532,180.49840057373046,190.60178121312046,180.84376309484105,194.75716278943378,189.03199920654296,183.30683562365215,2.824744678815272,65.32701527677031,3.3485873429171136,3.461271582548319,36.103873223807696,35.87283094338695,14.42527715351784,181.2343685775597
2023-12-07 00:00:00+00:00,193.6300048828125,195.0,193.58999633789065,194.2700042724609,193.32290649414065,47477700,191.01599884033203,180.97520080566406,191.26873086027325,181.37028235670851,195.02547730606292,189.6009994506836,184.17652159530425,2.8141975941566084,68.56993166857787,3.4294576595182207,3.4549087979422994,36.65280294035931,34.00507719431864,13.42433026092954,189.76555563731313
2023-12-08 00:00:00+00:00,194.1999969482422,195.9900054931641,193.6699981689453,195.7100067138672,194.75588989257807,53377300,191.58999938964843,181.4756008911133,192.0762355609267,181.93262448836182,195.24374699077526,190.2659996032715,185.28825221576773,2.7782409241843484,70.74586584004034,3.5686074452350454,3.477648527400849,37.39200182705972,34.53169495481724,12.60869244467347,172.0332629442757
2023-12-11 00:00:00+00:00,193.1100006103516,193.4900054931641,191.4199981689453,193.17999267578125,192.23822021484372,60943700,191.9289993286133,181.91500061035157,192.2769186727184,182.37369775061356,195.40368231146297,190.60499954223633,185.80631677300968,2.888089139227342,62.5520473024454,3.4351355598355724,3.469145933887794,36.7739276370659,30.80457453467855,16.908621523408794,54.416839134191406
2023-12-12 00:00:00+00:00,193.0800018310547,194.72000122070312,191.72000122070312,194.7100067138672,193.76077270507807,52696900,192.36000061035156,182.3342007446289,192.71929831656362,182.85747457270193,195.42206130870224,191.1004997253418,186.77893814198134,2.8962107994278203,65.17861435683068,3.4134691277620846,3.458010572662652,36.548714447593795,31.57098769351038,15.637544499872543,82.1775993888518
2023-12-13 00:00:00+00:00,195.08999633789065,198.0,194.8500061035156,197.9600067138672,196.99490356445312,70404200,193.21900177001953,182.84540100097655,193.67215438880064,183.44973073510056,196.55599370322065,191.62649993896486,186.69700617470906,2.9247559555363107,69.9931408561539,3.6168533290975233,3.489779123949627,37.11786031817405,37.12605553525009,14.362427718058917,158.65235682507986
2023-12-14 00:00:00+00:00,198.0200042724609,199.6199951171875,196.16000366210935,198.1100006103516,197.1441802978516,66831600,194.03500213623047,183.33440093994142,194.47903551999173,184.02464327922806,197.5232663204812,192.13150024414062,186.73973416780004,2.963513866231932,70.19794027634859,3.7469475489050126,3.5412128089407044,37.96336321196091,37.94568799378944,13.148168620529704,157.77723458885896
2023-12-15 00:00:00+00:00,197.52999877929688,198.3999938964844,197.0,197.57000732421875,196.60682678222656,128256700,194.66800231933593,183.7876010131836,195.04103039348752,184.55583402609042,198.28610517213343,192.5245002746582,186.76289537718299,2.8504063052770645,68.38831139061509,3.7630965752290138,3.5855895621983667,38.74418242824199,36.59743929898487,12.681000883721218,124.812985317623
2023-12-18 00:00:00+00:00,196.08999633789065,196.6300048828125,194.38999938964844,195.88999938964844,194.93499755859372,55751900,195.31400299072266,184.1556008911133,195.19538839278948,185.0003110991711,198.61983785104403,192.83450012207032,187.04916239309662,2.874228469019449,62.95110101524763,3.5988469278506727,3.588241035328828,38.08142356553285,33.67093294334474,18.230099963470302,59.2746760403559
2023-12-19 00:00:00+00:00,196.16000366210935,196.9499969482422,195.88999938964844,196.94000244140625,195.9799041748047,40714100,195.66600341796874,184.51460083007814,195.51259094708342,185.4685342890627,199.1220188638782,193.1090003967285,187.0959819295788,2.743214771774975,64.83298840820362,3.5129097332887795,3.5731747749208185,37.55371286565776,33.57374457761623,17.72140405444733,74.59315705734733
2023-12-20 00:00:00+00:00,196.8999938964844,197.67999267578125,194.8300018310547,194.8300018310547,193.88018798828125,52242800,195.91700286865233,184.84340087890624,195.3884838350782,185.83565066325846,199.26442398572064,193.31850051879883,187.37257705187702,2.7509194927205014,58.412063668122336,3.237227726087866,3.505985365154228,36.53428801014595,31.06389128909846,19.177032271336415,43.11335054713658
2023-12-21 00:00:00+00:00,196.1000061035156,197.0800018310547,193.5,194.67999267578125,193.7308807373047,46482500,195.95800170898437,185.1410006713867,195.25966726066056,186.18248760492602,199.3865216581322,193.48700027465821,187.58747889118422,2.8107006160302523,57.97247825425766,2.9723795231469694,3.3992641967527764,34.961437418133016,28.210962540730574,20.82776167545551,12.939546336395892
2023-12-22 00:00:00+00:00,195.17999267578125,195.41000366210935,192.97000122070312,193.6000061035156,192.6561737060547,37122800,195.74700164794922,185.3988006591797,194.9579106866342,186.47337068330208,199.34311775645824,193.66850051879882,187.9938832811394,2.78398943372865,54.776385541785416,2.644851323931107,3.2483816221884427,33.26254468500468,26.42935006003696,20.88418767014899,-50.51814781041312
2023-12-26 00:00:00+00:00,193.6100006103516,193.88999938964844,192.8300018310547,193.0500030517578,192.1088714599609,28919300,195.73400268554687,185.68280059814452,194.61101838938393,186.7312778350062,199.23177399182822,193.83150100708008,188.43122802233194,2.65984270103092,53.168757975182274,2.3142252682920343,3.0615503514091613,31.62376906554886,25.670885183731652,20.66388400113471,-89.10863292401756
2023-12-27 00:00:00+00:00,192.4900054931641,193.5,191.08999633789065,193.1499938964844,192.20835876464844,48087700,195.5780014038086,185.97140045166014,194.3453775724931,186.98299219035832,199.14830264804917,193.96900100708007,188.78969936611097,2.6418619669131824,53.436316763540695,2.036791300424312,2.8565985412121915,29.328940598583358,23.985514083326123,24.047338857073612,-116.86055188556932
2023-12-28 00:00:00+00:00,194.13999938964844,194.66000366210935,193.1699981689453,193.5800018310547,192.6362762451172,34049900,195.14000091552734,186.30000061035156,194.206218346777,187.2416984507778,198.91743517088602,194.17950134277345,189.44156751466087,2.5604474073207544,54.63661700848162,1.830519835474604,2.651382800064674,27.66765016640337,26.226821605363117,23.027237612070312,-56.84823049366446
2023-12-29 00:00:00+00:00,193.8999938964844,194.3999938964844,191.72999572753903,192.52999877929688,191.5913848876953,42628800,194.58200073242188,186.63380065917968,193.9014511526897,187.4490827773864,198.7071243008382,194.30850143432616,189.90987856781413,2.568323483009796,51.168123887430724,1.564289585752988,2.433964157202337,25.814074251293082,24.266617100850322,25.33712679278367,-82.6683955184172
2024-01-02 00:00:00+00:00,187.1499938964844,188.44000244140625,183.88999938964844,185.63999938964844,184.7349853515625,82488700,193.38899993896484,186.83740051269533,192.39936901395492,187.37813833080844,199.70121957005145,194.02850112915038,188.35578268824932,3.004639186363407,35.32218685599234,0.7882483893808683,2.1048210036380435,26.38872284190441,19.252171959584953,38.852098921903,-267.3765310786932
2024-01-03 00:00:00+00:00,184.22000122070312,185.8800048828125,183.42999267578125,184.25,183.3517608642578,58414500,192.225,187.06480041503906,190.9176655568722,187.2554662394042,200.6109905245088,193.76950149536134,186.9280124662139,2.9648004491080107,33.09545992098236,0.06037287522127599,1.69593137795469,27.017054398986186,18.109406552314443,37.66040871274321,-220.27433182979294
2024-01-04 00:00:00+00:00,182.1499938964844,183.08999633789065,180.8800048828125,181.91000366210935,181.02317810058597,71983600,190.7220001220703,187.24300048828124,189.2799088487335,187.0458402559809,201.77224632568576,193.19400177001953,184.6157572143533,2.993893822732729,29.70096480919999,-0.6972543480143543,1.2172942327608813,28.100451161467515,16.645789507452477,40.732165083515355,-194.72156678020218
2024-01-05 00:00:00+00:00,181.9900054931641,182.75999450683597,180.1699981689453,181.17999267578125,180.2967071533203,62303300,189.35699920654298,187.39780029296875,187.8071968172876,186.8158070175417,202.68985088419205,192.63700103759766,182.58415119100326,2.9649043840037588,28.711585455048613,-1.3411255064614238,0.7056102849164203,29.234398301745074,15.602123557859489,39.8971001503497,-146.9637462712974
2024-01-08 00:00:00+00:00,182.08999633789065,185.6000061035156,181.5,185.55999755859372,184.6553649902344,59144500,188.44499969482422,187.68700012207032,187.3986151338887,186.76655958777903,202.67931553153213,192.2015007019043,181.7236858722765,3.0693076532344272,41.33797583632429,-1.4808973863142967,0.2683087506702769,29.062241358894244,20.628980278954916,35.77476729644272,-85.15223495466944
2024-01-09 00:00:00+00:00,183.9199981689453,185.1499938964844,182.72999572753903,185.13999938964844,184.23741149902344,42841800,187.5989990234375,188.05200012207033,186.98795772584504,186.70277291334256,202.45160833139624,191.67300033569336,180.89439233999047,3.05214310051202,40.59547764855427,-1.6070330733363392,-0.10675961413104632,28.90266233864917,19.25702861258678,33.39552940186011,-69.92421097569718
2024-01-10 00:00:00+00:00,184.3500061035156,186.3999938964844,183.9199981689453,186.19000244140625,185.2823028564453,46792900,186.91299896240236,188.41140014648437,186.84287494685614,186.68266426738427,202.33477861946218,191.3235008239746,180.312223028487,3.0111172309912093,43.335686532018116,-1.6037826351269757,-0.4061642183302322,28.235933459755703,21.09644221791902,31.423281570118835,-46.28768946298103
2024-01-11 00:00:00+00:00,186.5399932861328,187.0500030517578,183.6199951171875,185.58999633789065,184.6851959228516,49128400,186.15699920654296,188.71740020751952,186.61507883613515,186.63981454465903,202.0343003439851,190.86750030517578,179.70070026636645,3.0411455168570307,42.13948815683695,-1.6308230050709938,-0.6510959756783845,27.352329323971716,20.922952674368798,28.882664102157786,-40.23581700349329
2024-01-12 00:00:00+00:00,186.05999755859372,186.7400054931641,185.19000244140625,185.9199981689453,185.0135955810547,40444700,185.39099884033203,189.0204000854492,186.4887005330097,186.6115864514938,201.1320831079643,190.2654998779297,179.3989166478951,2.934280023049818,43.07025758602134,-1.6070986701558923,-0.8422965145738861,26.532991977828843,20.130866691933576,27.78924513176888,-26.091282396015064
2024-01-16 00:00:00+00:00,182.16000366210935,184.25999450683597,180.92999267578125,183.6300048828125,182.7347869873047,65603000,184.5009994506836,189.2136001586914,185.9689376875193,186.49466168409452,200.1473781198173,189.54150009155273,178.93562206328818,3.08157230871403,38.44817109171198,-1.7528742406101117,-1.0244120597811313,26.91977772304361,17.79522607756045,34.4700264992476,-70.15453194011867
2024-01-17 00:00:00+00:00,181.2700042724609,182.92999267578125,180.3000030517578,182.67999267578125,181.78939819335935,47317400,184.2049987792969,189.31579986572265,185.3709476853851,186.34506682102344,199.13103025295254,188.79699935913087,178.4629684653092,3.099368293607267,36.68912347602623,-1.9228945446253363,-1.2041085567499723,27.422083945044673,16.425626478198655,33.27311943995517,-86.9643719459901
2024-01-18 00:00:00+00:00,186.08999633789065,189.13999938964844,185.8300018310547,188.6300048828125,187.71041870117188,78005800,184.64299926757812,189.5554000854492,185.96350353946278,186.43467223521125,198.24259621314266,188.43399963378906,178.62540305443545,3.340054627567539,51.61883945073711,-1.5595431589524367,-1.2751954771904652,25.60312139766752,27.46619370391889,28.664163437607527,56.94867610278222
2024-01-19 00:00:00+00:00,189.3300018310547,191.9499969482422,188.82000732421875,191.55999755859372,190.6261138916016,68741000,185.60799865722657,189.80200012207033,186.9810479065775,186.63566538514783,197.2975279652213,188.16499938964844,179.0324708140756,3.3386180362249767,56.996687102042095,-1.0233619663093236,-1.224828775014237,24.369857227540727,31.53722332286216,26.623100334132285,151.50171329397594
2024-01-22 00:00:00+00:00,192.3000030517578,195.3300018310547,192.25999450683597,193.88999938964844,192.9447479248047,60133900,186.87899932861328,190.0433999633789,188.23722090349946,186.92014907159884,197.12160496912713,188.1179992675781,179.1143935660291,3.369502229997641,60.734501554648986,-0.40574564975199223,-1.0610121499617882,24.004378321431837,36.19261865959354,24.490523401250382,228.42299638906658
2024-01-23 00:00:00+00:00,195.0200042724609,195.75,193.8300018310547,195.17999267578125,194.22845458984372,42355600,187.84099884033202,190.28919982910156,189.49954304391431,187.244064507057,197.2218105504833,188.14299926757812,179.06418798467294,3.2657450744177594,62.66913947887542,0.1856711071255006,-0.8116754985443304,23.75569720682704,35.590072661939445,23.45986387493329,179.17674291751797
2024-01-24 00:00:00+00:00,195.4199981689453,196.3800048828125,194.33999633789065,194.5,193.55177307128903,53631300,188.7769989013672,190.53099975585937,190.4087170359299,187.52861099697634,197.38273774941408,188.18799896240233,178.9932601753906,3.178018838635741,60.963986268897465,0.5926714740512296,-0.5308061040252184,23.66512039742446,35.37379665827393,22.382075803560163,136.14748488941012
2024-01-25 00:00:00+00:00,195.22000122070312,196.2700042724609,193.1100006103516,194.1699981689453,193.223388671875,54822100,189.5749984741211,190.6863998413086,191.0925863328418,187.78905755273982,197.56921848077602,188.2439987182617,178.9187789557474,3.1767296710602544,60.10921963026952,0.8784673821390641,-0.24895140679236197,23.14927991621424,32.85577272711463,23.559575489513872,103.67203180678577
2024-01-26 00:00:00+00:00,194.2700042724609,194.75999450683597,191.94000244140625,192.4199981689453,191.4819183349609,44594000,190.25799865722655,190.83879974365234,191.33393393940605,187.97066306710082,197.46106209567407,188.20749893188477,178.95393576809548,3.151204854318448,55.6529754710547,0.952769391243379,-0.008607247185213773,22.270308092617743,30.752010394558653,24.70762694967517,67.82094523527203
2024-01-29 00:00:00+00:00,192.00999450683597,192.1999969482422,189.5800018310547,191.72999572753903,190.7952880859375,47145600,190.83899841308593,190.924599609375,191.40594517361203,188.11808787731408,197.1871012085347,188.114998626709,179.0428960448833,3.1289403932610527,53.95452448078156,0.9450825154009976,0.18213070533202852,20.704989731396747,28.755117753093103,28.499273184547476,32.65916065751872
2024-01-30 00:00:00+00:00,190.94000244140625,191.8000030517578,187.47000122070312,188.0399932861328,187.12327575683597,55859400,191.27999725341797,190.92519958496095,190.79395392134307,188.1150253443266,196.73380789388153,187.89049835205077,179.04718881022,3.2148569185169285,45.888979143850776,0.6339306940972165,0.2724907030850661,19.787513239141074,25.984650235800903,30.448421092373184,-5.6563430537782144
2024-01-31 00:00:00+00:00,187.0399932861328,187.1000061035156,184.3500061035156,184.3999938964844,183.5010223388672,55467800,191.45199737548828,190.81899932861327,189.63141573500513,187.9693378365681,196.75108305436618,187.82849807739257,178.90591310041896,3.2488412291171955,39.600246928847604,0.0925561740257308,0.23650379727319906,19.708325491424027,23.873695042515617,34.843798954232476,-70.43860254973494
2024-02-01 00:00:00+00:00,183.9900054931641,186.9499969482422,183.82000732421875,186.8600006103516,185.94903564453125,64885400,191.27499694824218,190.76239929199218,189.1275220759772,187.92583441593214,196.7436932881772,187.95899810791016,179.1743029276431,3.2403410440829696,45.07820946885509,-0.13641257163658338,0.16192052349124259,19.75693825199596,22.224412179774387,33.60644971805769,-61.39874555267864
2024-02-02 00:00:00+00:00,179.86000061035156,187.3300018310547,179.25,185.8500061035156,184.94395446777344,102518000,190.70399780273436,190.65039947509766,188.5316100809842,187.8444293840727,196.5576133075521,188.15599822998047,179.75438315240885,3.586438849063816,43.34023820412907,-0.39481884218361074,0.050572650356271925,20.731133299453106,18.64375919409109,37.304493528725494,-86.09424850561919
2024-02-05 00:00:00+00:00,188.1499938964844,189.25,185.83999633789065,187.67999267578125,186.76502990722656,69668800,190.08299713134767,190.5911993408203,188.37677055276546,187.83798088570833,196.2576955669456,188.48099822998046,180.7043008930153,3.5738225337212923,47.3045060405603,-0.4467927026059897,-0.0489004202361804,20.979690779636346,21.213340327959315,34.759244125744516,-37.414016809661426
2024-02-06 00:00:00+00:00,186.8600006103516,189.30999755859372,186.7700042724609,189.3000030517578,188.37713623046875,43490800,189.4949981689453,190.5509994506836,188.5446310071277,187.89531508829853,196.333821999544,188.66799850463866,181.00217500973332,3.49990249668381,50.599639003016534,-0.3531897119461007,-0.10975827857816448,21.189897803950657,20.235136016827298,32.95556072623559,-34.38022213335711
2024-02-07 00:00:00+00:00,190.63999938964844,191.0500030517578,188.6100006103516,189.41000366210935,188.4866180419922,53439000,188.98599853515626,190.53979949951173,188.70197148985162,187.95471464021267,196.37838335588572,188.88149871826172,181.38461408063773,3.4241238695569574,50.82449798904759,-0.26705410405693897,-0.1412174436739194,20.789290393596385,22.83735405824094,31.276558324849997,-12.058934539743356
2024-02-08 00:00:00+00:00,189.38999938964844,189.5399932861328,187.3500061035156,188.32000732421875,187.40191650390625,40962000,188.4009994506836,190.51039978027345,188.63252345973655,187.96903984350703,196.38881879112984,188.98799896240234,181.58717913367485,3.3358939683923614,48.4701579545405,-0.2834768643851078,-0.16966932781615707,20.71807703909372,21.76551976043898,32.50892451086784,-35.40688273038455
2024-02-09 00:00:00+00:00,188.6499938964844,189.9900054931641,188.0,188.8500061035156,188.16912841796875,45155200,188.04400024414062,190.47940002441408,188.67206575860547,188.00358753997796,196.38704682056374,189.1509994506836,181.91495208080346,3.239680823618089,49.6904973399173,-0.250834088921863,-0.18590228003729825,20.490961185811692,21.802760876588522,31.08141178765595,-18.207342285820623
2024-02-12 00:00:00+00:00,188.4199981689453,188.6699981689453,186.7899932861328,187.1499938964844,186.4752655029297,41781900,187.58600006103515,190.435,188.395325420038,187.97011327944878,196.35800015955158,189.21249923706054,182.0669983145695,3.1553551369341366,45.93292162112923,-0.35801426609791065,-0.22032467724942073,20.5844504495957,20.78526360542802,32.37208890188195,-44.47486031084882
2024-02-13 00:00:00+00:00,185.7700042724609,186.2100067138672,183.50999450683597,185.0399932861328,184.37286376953125,56529500,187.28600006103517,190.3367999267578,187.78526503205524,187.85520661304423,196.23191334222653,189.28299865722656,182.33408397222658,3.189996877652202,41.716381366745665,-0.6062265417357082,-0.2975050501466783,21.40345174378133,19.089976614054006,37.08129605550697,-106.38432570631491
2024-02-14 00:00:00+00:00,185.32000732421875,185.52999877929688,182.44000244140625,184.1499938964844,183.48606872558597,54630500,187.26100006103516,190.19499969482422,187.12430664376961,187.7099041535713,196.05093045217907,189.35649871826172,182.66206698434436,3.1828493274493086,40.04648915301076,-0.8647833865892665,-0.4109607174351959,22.377469903658223,17.76532354116929,36.91103524647757,-117.01220339627655
2024-02-15 00:00:00+00:00,183.5500030517578,184.4900054931641,181.3500061035156,183.8600006103516,183.19712829589844,65434500,186.96100006103515,190.08359985351564,186.53079645587542,187.55892754403328,196.2260662071827,189.11799850463868,182.00993080209466,3.1797867657107273,39.49177230967054,-1.0806346994100409,-0.5448955138301649,23.49551387845975,16.511491557259905,36.75592219866989,-120.6950586661008
2024-02-16 00:00:00+00:00,183.4199981689453,184.8500061035156,181.6699981689453,182.30999755859372,181.65269470214844,49701400,186.60699920654298,189.86139984130858,185.76337847455147,187.35308715244742,196.25458430256958,188.65549850463867,181.05641270670776,3.1798025723617873,36.575509975242056,-1.3610810175789823,-0.7081326145799284,24.374553505905382,16.140491732951467,34.12885453689738,-111.44496267960139
2024-02-20 00:00:00+00:00,181.7899932861328,182.42999267578125,180.0,181.55999755859372,180.9054107666016,53665600,185.99499969482423,189.6461996459961,184.99912739892278,187.12590716837474,195.83739839928876,188.03899841308595,180.24059842688314,3.126216783537412,35.220240445429546,-1.625122081471119,-0.8915305079581666,25.53247462863369,15.243886857793326,36.050638932108264,-138.8218082788242
2024-02-21 00:00:00+00:00,181.94000244140625,182.88999938964844,180.66000366210935,182.32000732421875,181.6626892089844,41529700,185.2970001220703,189.40719970703125,184.51201465806747,186.9374405078196,194.84609056208268,187.3959991455078,179.94590772893292,3.0621699857319804,37.737925843633704,-1.752844391462446,-1.0637932846590226,26.39031454841061,15.524096288848554,34.17447846949369,-101.51581732416876
2024-02-22 00:00:00+00:00,183.47999572753903,184.9600067138672,182.4600067138672,184.3699951171875,183.70529174804688,52292200,184.79299926757812,189.18039947509766,184.486192923362,186.83675637485362,193.68770944340113,186.88949890136718,180.09128835933322,3.032001380391889,44.05400961414259,-1.669404503937244,-1.1849155285146669,26.25476246516653,19.436924248019327,32.048085246823796,-41.92470720114815
2024-02-23 00:00:00+00:00,185.00999450683597,185.0399932861328,182.22999572753903,182.5200042724609,181.8619537353516,45119700,184.21299896240234,188.96719970703126,184.12870407774363,186.66747197868136,192.47755880363843,186.30699920654297,180.1364396094475,3.0161373420487108,40.100547454802,-1.732584437176996,-1.2944493102471326,26.189451219260242,18.14292009231598,30.459441545505058,-56.74109635473807
2024-02-26 00:00:00+00:00,182.2400054931641,182.75999450683597,180.6499938964844,181.16000366210935,180.50685119628903,40867400,183.44399871826172,188.6961996459961,183.58894036581012,186.45149282901187,191.62893723298617,185.74399948120117,179.85906172941617,2.9513881907138573,37.44050796612796,-1.8708299100603654,-1.4097254302097793,26.53767441984217,17.216082205354947,32.728763259534425,-90.59603998163523
2024-02-27 00:00:00+00:00,181.1000061035156,183.9199981689453,179.55999755859375,182.6300048828125,181.9715576171875,54318900,182.99199981689452,188.389599609375,183.41458845981055,186.3016305566119,190.63477923371389,185.28899993896485,179.9432206442158,3.052039592742106,41.924779717821984,-1.8405568366216016,-1.4958917114921437,26.325938623299795,18.174527415419256,29.38793387329814,-70.2231817895463
2024-02-28 00:00:00+00:00,182.50999450683597,183.1199951171875,180.1300048828125,181.4199981689453,180.76593017578125,48953900,182.63000030517577,188.0557995605469,183.05193567965324,186.1101939923897,190.40036685347064,184.95800018310547,179.5156335127403,3.047606013850898,39.41999696463253,-1.892388362109159,-1.5751910416155468,26.129354349585142,16.900463485246615,27.3277919133756,-80.64120390789968
2024-02-29 00:00:00+00:00,181.2700042724609,182.57000732421875,179.52999877929688,180.75,180.0983428955078,136682600,182.29000091552734,187.7193994140625,182.63340191971628,185.89999030641363,190.51704290520019,184.77550048828124,179.0339580713623,3.0470631690200407,38.06392311414949,-1.9648785751892603,-1.6531285483302895,26.1277720578041,15.695708489936347,26.78667896330212,-95.49141199726893
2024-03-01 00:00:00+00:00,179.5500030517578,180.52999877929688,177.3800048828125,179.66000366210938,179.01226806640625,73488000,181.87000122070313,187.39479949951172,182.09278405469684,185.65528494781347,190.4827523390159,184.41550064086914,178.3482489427224,3.0701363863074524,35.900209187025155,-2.0862323978593906,-1.73974931823611,26.724862653694885,14.464732249995473,29.689397115838336,-155.54158297229884
2024-03-04 00:00:00+00:00,176.14999389648438,176.89999389648438,173.7899932861328,175.10000610351562,174.46871948242188,81510100,181.1490020751953,186.95799957275392,180.82136988175478,185.2413524441155,191.1305894668874,183.87800064086915,176.6254118148509,3.2701809192167524,28.580680559823165,-2.5212959399775343,-1.896058642584395,28.072015848504766,12.609639241752319,33.72529303419764,-270.6042046182224
2024-03-05 00:00:00+00:00,170.75999450683594,172.0399932861328,169.6199951171875,170.1199951171875,169.50665283203125,95132400,180.0050018310547,186.46379943847657,178.87566537910618,184.64835803913795,192.19141110346555,183.00000076293946,173.80859042241337,3.428065157256109,23.052784186123954,-3.230690805902782,-2.1629850752480726,30.002632941758264,11.169465394562675,38.564394074701,-273.58914404075676
2024-03-06 00:00:00+00:00,171.05999755859375,171.24000549316406,168.67999267578125,169.1199951171875,168.51025390625,68587700,178.68500061035155,185.9525994873047,177.1019071496664,184.039402630434,192.52677762386656,181.99100036621093,171.4552231085553,3.3660471083891323,22.12729768572848,-3.829439594808292,-2.496275979160117,31.925820760223566,10.562552277680599,38.46410285616717,-192.74986973263282
2024-03-07 00:00:00+00:00,169.14999389648438,170.72999572753906,168.49000549316406,169.0,168.39068603515625,71765100,177.14800109863282,185.46059936523437,175.62883312245432,183.44962213512287,192.3539010831058,180.97050018310546,169.58709928310512,3.2855972371433104,22.013095064946125,-4.264476694098988,-2.8499161221478913,33.73851614566224,10.048075591722892,37.00372714625563,-144.76661714352568
2024-03-08 00:00:00+00:00,169.0,173.6999969482422,168.94000244140625,170.72999572753906,170.1144561767578,76114600,175.96900024414063,185.01419921875,174.73813541428788,182.9508132563941,191.78109225593488,180.09099960327148,168.4009069506081,3.3909322850863846,27.798824248046174,-4.41871434412019,-3.163675766542351,33.97401537351926,15.297810156764681,33.29272518818359,-94.57361290496704
2024-03-11 00:00:00+00:00,172.94000244140625,174.3800048828125,172.0500030517578,172.75,172.12718200683594,60139500,175.12799987792968,184.60619934082033,174.3766562480537,182.5507813639865,190.6658138977851,179.2859992980957,167.9061846984063,3.4094411952744186,33.959634403015045,-4.328060146828051,-3.3965526425994907,33.89129216731348,15.55268841228619,30.746409172524732,-57.40170312878181
2024-03-12 00:00:00+00:00,173.14999389648438,174.02999877929688,171.00999450683594,173.22999572753906,172.60543823242188,59825400,174.18799896240233,184.19919921875,174.16817251705103,182.18526035863562,189.65928439247003,178.58999938964843,167.52071438682682,3.381619499389843,35.37084491167784,-4.169421898355836,-3.55112649375076,34.0461021115531,14.560407211081763,30.98189397410966,-52.65945191094289
2024-03-13 00:00:00+00:00,172.77000427246094,173.19000244140625,170.75999450683594,171.1300048828125,170.51303100585938,52488700,173.15899963378905,183.77119934082032,173.61577840173493,181.75172092821117,189.00323581364367,177.8944999694824,166.78576412532115,3.3164935336897265,32.13542202200063,-4.165138530062563,-3.673928901013121,34.24620616296427,13.78570876349163,29.871997018532912,-58.38580073945898
2024-03-14 00:00:00+00:00,172.91000366210938,174.30999755859375,172.0500030517578,173.0,172.37628173828125,72913500,172.38399963378907,183.51839935302735,173.5038186923286,181.4085161859284,188.25147568818758,177.3370002746582,166.42252486112884,3.306742029982135,37.60835130058892,-3.9651432489168315,-3.7321717705938635,33.88275582056109,15.258266127890357,27.8197658898792,-31.750444468624146
2024-03-15 00:00:00+00:00,171.1699981689453,172.6199951171875,170.2899932861328,172.6199951171875,171.9976348876953,121664700,171.67999877929688,183.2857992553711,173.3431234968484,181.06386830087973,187.4428262627821,176.775,166.10717373721792,3.264112223501335,36.95612766921621,-3.7935787515037305,-3.744453166775837,33.984676563680644,14.353279649352132,30.021700097954124,-45.43088455418151
2024-03-18 00:00:00+00:00,175.57000732421875,177.7100067138672,173.52000427246094,173.72000122070312,173.09368896484375,75604200,171.54199829101563,183.12199920654297,173.4116467193674,180.77587351342183,186.77641580521777,176.34550018310546,165.91458456099315,3.3945502436291664,40.18967342064017,-3.5281806811531453,-3.701198669651299,32.02175683736827,23.52761533093491,26.805825008951324,21.820401864100187
2024-03-19 00:00:00+00:00,174.33999633789062,176.61000061035156,173.02999877929688,176.0800018310547,175.44517517089844,55215200,172.13799896240235,183.01999938964843,173.89680219421965,180.59172168274077,186.22431274026573,176.0715003967285,165.9186880531913,3.4077983545868387,46.526560295492,-3.0917783758515327,-3.579314610891346,30.3433324386174,21.76194071873964,25.821320160558564,44.88815031634661
2024-03-20 00:00:00+00:00,175.72000122070312,178.6699981689453,175.08999633789062,178.6699981689453,178.0258331298828,53423100,173.09299926757814,182.88219940185547,174.76465600780614,180.51635997631743,185.71183268642676,175.88899993896484,166.06616719150293,3.4200999557433285,52.47732011383461,-2.508024401713982,-3.3650565690558736,28.256186356873172,24.437427609996597,23.890496465661112,123.97883594214996
2024-03-21 00:00:00+00:00,177.0500030517578,177.49000549316406,170.83999633789062,171.3699951171875,170.75213623046875,106181300,173.3299987792969,182.60679931640624,174.14744493678455,180.1576790014496,184.43121774849544,175.23899993896484,166.04678212943423,3.735125116351274,39.226963495501764,-2.604422250587305,-3.21292970536216,27.349769955151626,20.77787063189827,28.441150469708003,15.277770512332294
2024-03-22 00:00:00+00:00,171.75999450683594,173.0500030517578,170.05999755859375,172.27999877929688,171.65887451171875,71106600,173.48499908447266,182.32859924316406,173.8079092717868,179.84875036528675,183.363944950955,174.72699966430665,166.0900543776583,3.6818972388862803,41.21944537166188,-2.5776747203842945,-3.0858787083665873,26.698802425012186,19.57251692362883,28.304575195296568,-30.486842231216077
2024-03-25 00:00:00+00:00,170.57000732421875,171.94000244140625,169.4499969482422,170.85000610351562,170.23403930664062,54288300,173.2949996948242,182.03379943847656,173.27010869573746,179.49585843345258,182.47366482436234,174.21149978637695,165.94933474839155,3.621042208606294,39.05269060537202,-2.641416957519681,-2.996986358197206,26.245829358524862,18.479794104997943,27.927737739391393,-72.6791828677104
2024-03-26 00:00:00+00:00,170.0,171.4199981689453,169.5800018310547,169.7100067138672,169.09814453125,57388400,172.94300079345703,181.709599609375,172.62281742630648,179.11209954248847,181.08032189529516,173.56549987792968,166.0506778605642,3.4938142441502547,37.366355625883955,-2.752195961201437,-2.9480282787980525,25.825225912445873,17.784574917559084,26.877082140748435,-96.72302425175944
2024-03-27 00:00:00+00:00,170.41000366210938,173.60000610351562,170.11000061035156,173.30999755859375,172.68516540527344,60273300,173.16100006103517,181.50319946289062,172.7477592685405,178.88456613135534,179.75463831058852,173.1599998474121,166.5653613842357,3.522115331754399,45.3863739578363,-2.5204458145215085,-2.862511785942744,24.600196841013226,20.80285255468419,24.756607824862748,-22.693188167767396
2024-03-28 00:00:00+00:00,171.75,172.22999572753906,170.50999450683594,171.47999572753906,170.86175537109375,65672700,173.00899963378907,181.27919952392577,172.51725680654025,178.59419082140175,178.32435792742015,172.69649963378907,167.068641340158,3.4705322466868487,42.41330740920806,-2.456135209605435,-2.781236470675282,23.46270342727521,19.60393893507228,23.329830693284443,-67.47325964965897
2024-04-01 00:00:00+00:00,171.19000244140625,171.25,169.47999572753906,170.02999877929688,169.41697692871094,46240500,172.75,180.90719940185548,172.06502807431417,178.2583401530839,176.95518785886324,172.21499938964843,167.4748109204336,3.3654873525875457,40.168079370329856,-2.4934285354186443,-2.723674883623955,22.735907037526413,18.771742657141385,24.52566482285119,-102.70463289239139
2024-04-02 00:00:00+00:00,169.0800018310547,169.33999633789062,168.22999572753906,168.83999633789062,168.2312774658203,49329500,172.26199951171876,180.4527993774414,171.4786586676917,177.8889933368018,176.665504529902,171.9019989013672,167.1384932728324,3.2536602478174435,38.372739917952615,-2.5891607827586256,-2.696772063450889,22.44452431996898,18.02991333384492,26.300778681887557,-136.347869787308
2024-04-03 00:00:00+00:00,168.7899932861328,170.67999267578125,168.5800018310547,169.64999389648438,169.03834533691406,47691700,171.6189987182617,179.96799926757814,171.1461741638358,177.56589531953443,176.68141198473154,171.87849884033204,167.07558569593255,3.171250638882874,40.327791239403865,-2.5700433846014903,-2.6714263276810093,21.608554082490375,20.195404368250564,25.056688338981917,-92.41948078489646
2024-04-04 00:00:00+00:00,170.2899932861328,171.9199981689453,168.82000732421875,168.82000732421875,168.2113494873047,53704400,170.63399963378907,179.44079956054688,170.72323473845088,177.22291931971813,176.70251590638958,171.8634994506836,167.02448299497763,3.166160386791783,38.96377855494728,-2.5919868774556676,-2.655538437635941,20.33921543278953,21.58054759759441,23.304237276990815,-74.79419035660806
2024-04-05 00:00:00+00:00,169.58999633789062,170.38999938964844,168.9499969482422,169.5800018310547,168.96861267089844,42055200,170.4550003051758,178.94239959716796,170.5153742098334,176.92319706526075,176.66907391016048,171.89249954223632,167.11592517431217,3.0521428147160643,40.93382686914501,-2.519014418292329,-2.628233633767219,19.160567849804696,20.787593279420914,22.447947810888966,-72.47431971165395
2024-04-08 00:00:00+00:00,169.02999877929688,169.1999969482422,168.24000549316406,168.4499969482422,167.84268188476562,37425500,170.0720001220703,178.42799957275392,170.13985107136227,176.5909147077306,176.76483699118137,171.77849960327148,166.7921622153616,2.9298411106626614,38.92222757350804,-2.523278386314132,-2.6072425842766016,18.339146576420944,20.1084594793444,23.44558423608326,-96.97297690511533
2024-04-09 00:00:00+00:00,168.6999969482422,170.0800018310547,168.35000610351562,169.6699981689453,169.05828857421875,42451200,169.9539993286133,177.9729995727539,170.05442327092283,176.31950621601356,176.6711904561711,171.62449951171874,166.57780856726637,2.844134272358007,42.22345412421135,-2.4005417580550557,-2.5659024190322928,17.18895605515733,21.44492371846976,22.426884522889424,-64.82173906050966
2024-04-10 00:00:00+00:00,168.8000030517578,169.08999633789062,167.11000061035156,167.77999877929688,167.17510986328125,49709300,169.76099853515626,177.49399963378906,169.64089154517265,175.98462357143646,176.6067668692335,171.35199966430665,166.0972324593798,2.8238380019160854,38.73095410227496,-2.4277931629174248,-2.538280567809319,16.616909315593308,20.056208591245532,24.111278358545754,-131.52853261264835
2024-04-11 00:00:00+00:00,168.33999633789062,175.4600067138672,168.16000366210938,175.0399932861328,174.40892028808594,91070300,169.93399810791016,177.23399963378907,170.62254640716537,175.9475792465226,177.04023076726563,171.54749908447266,166.0547674016797,3.1707198343089473,54.350757041055964,-1.8423319591968266,-2.3990908460868203,16.97397950381063,30.936718335598567,19.93959136571913,155.48056167849097
2024-04-12 00:00:00+00:00,174.25999450683594,178.36000061035156,174.2100067138672,176.5500030517578,175.91348266601562,101593300,170.44099884033204,177.07699981689453,171.70026579709128,175.971203709473,177.60948167216918,171.72499923706056,165.84051680195194,3.240670331888353,56.81667519121051,-1.2421854284348512,-2.167709762556427,17.985813078400515,34.49898017498334,18.115630923865243,249.3387390702479
2024-04-15 00:00:00+00:00,175.36000061035156,176.6300048828125,172.5,172.69000244140625,172.0673828125,73531800,170.70699920654297,176.79359985351562,171.88021791423947,175.84252914994096,177.61519028910152,171.72849960327147,165.84180891744143,3.3041962103434916,49.46132838948649,-1.0657494723566856,-1.9473177045164785,18.254411423201994,31.418797259864817,20.194935585183146,113.27033701096124
2024-04-16 00:00:00+00:00,171.75,173.75999450683594,168.27000427246094,169.3800048828125,168.76934814453125,73711200,170.76100006103516,176.46419982910157,171.42563372670728,175.58909682573983,177.40850252509662,171.51149978637696,165.6144970476573,3.460328878196681,44.179621321148886,-1.1794162695923092,-1.7937374175316447,17.110345714752558,27.858155369610888,26.638142646925893,-13.049194907588554
2024-04-17 00:00:00+00:00,169.61000061035156,170.64999389648438,168.0,168.0,167.39430236816406,50901200,170.59600067138672,176.07059997558594,170.80279123094232,175.29148518551474,176.8007993503903,171.1074996948242,165.41420003925813,3.402446250950381,42.15832708857475,-1.365116670960333,-1.7080132682173825,15.968447037835166,26.308305596139924,25.723009877237804,-64.51230004841395
2024-04-18 00:00:00+00:00,168.02999877929688,168.63999938964844,166.5500030517578,167.0399932861328,166.437744140625,43122900,170.41799926757812,175.62539978027343,170.11864615006786,174.96789726789194,175.31470865829462,170.5259994506836,165.73729024307258,3.3086974867564667,40.761209560488396,-1.571633285435098,-1.6807372716609257,15.175570572601337,25.121268873629614,27.692731409540738,-107.8442369040564
2024-04-19 00:00:00+00:00,166.2100067138672,166.39999389648438,164.0800018310547,165.0,164.40512084960938,67772100,169.95999908447266,175.13719970703124,169.18798321369187,174.57699933581776,175.54518044079472,170.2074996948242,164.8698189488537,3.2837893353056606,37.88785793614303,-1.878258208086237,-1.720241458945988,15.10576248653788,23.503789395560563,31.2825236746519,-159.7207975257005
2024-04-22 00:00:00+00:00,165.52000427246094,167.25999450683594,164.77000427246094,165.83999633789062,165.24209594726562,48116400,169.6989990234375,174.68759948730468,168.57925832718254,174.2343717672716,175.45614280805341,169.8854995727539,164.3148563374544,3.227088178251684,39.77056957297214,-2.030078502775069,-1.7822088677118042,14.751612914616185,24.111954785813257,29.558394058784984,-118.29067974012078
2024-04-23 00:00:00+00:00,165.35000610351562,167.0500030517578,164.9199981689453,166.89999389648438,166.2982635498047,49537800,169.4219985961914,174.24859924316405,168.27393752160106,173.9467491056721,175.38647545613838,169.68799896240233,163.98952246866628,3.148723518404626,42.15342190255312,-2.0413330195491426,-1.834033698079272,14.422762494530598,22.946865678282926,28.130133129304394,-92.01858435007036
2024-04-24 00:00:00+00:00,166.5399932861328,169.3000030517578,166.2100067138672,169.02000427246094,168.41064453125,48251800,169.5459991455078,173.88599945068358,168.40958602175738,173.75354342593832,175.35937474407405,169.65349884033202,163.94762293659,3.144528641890515,46.695648941485935,-1.8577699697124785,-1.8387809524059133,13.432108128529855,26.44721157342025,26.155646362603623,-33.82352849216645
2024-04-25 00:00:00+00:00,169.52999877929688,170.61000061035156,168.14999389648438,169.88999938964844,169.27749633789062,50558300,169.03099975585937,173.58299957275392,168.67875208864666,173.60203189510344,174.93935204341193,169.48249893188478,164.02564582035762,3.0956333752542937,48.483379414439185,-1.6233802777888684,-1.7957008174825044,12.920131827009415,27.968722844001128,24.670970380978492,5.309428054880865
2024-04-26 00:00:00+00:00,169.8800048828125,171.33999633789062,169.17999267578125,169.3000030517578,168.6896209716797,44838400,168.30599975585938,173.28599975585936,168.79170680921231,173.43332488163892,174.7529402039559,169.3734992980957,163.99405839223553,3.0288016112578453,47.32422816864783,-1.4683068050560735,-1.7302220149972183,12.667777685130888,28.26556892764395,23.414220622076833,13.73098375437941
2024-04-29 00:00:00+00:00,173.3699951171875,176.02999877929688,173.10000610351562,173.5,172.8744659423828,68169400,168.38699951171876,173.07879974365235,169.64776011662826,173.4359395921629,175.21598327776434,169.54699935913087,163.8780154404974,3.2931765506970283,55.48351864625602,-0.9950351618294917,-1.583184644363673,13.645851000183294,34.31221084699886,19.996332030198495,108.22933748167043
2024-04-30 00:00:00+00:00,173.3300018310547,174.99000549316406,170.0,170.3300018310547,169.71591186523438,65934800,168.48199920654298,172.83919982910157,169.77180406470578,173.31413811133513,175.29052295582852,169.62149963378906,163.9524763117496,3.414380291528118,49.27912690080515,-0.8657762051225006,-1.4397029565154387,13.492159152741829,30.73029155890077,24.39415385498763,41.29622448091164
2024-05-01 00:00:00+00:00,169.5800018310547,172.7100067138672,169.11000061035156,169.3000030517578,168.6896209716797,50383100,168.61199951171875,172.59399993896486,169.6860220623516,173.15672105017524,175.27472404143458,169.60400009155273,163.9332761416709,3.427639448096738,47.42349777399093,-0.8368036920324755,-1.3191231036188462,13.06992242371843,28.42485955395427,24.418761613571142,12.565517226950025
2024-05-02 00:00:00+00:00,172.50999450683594,173.4199981689453,170.88999938964844,173.02999877929688,172.4061737060547,94214900,169.21100006103515,172.4081997680664,170.2940178290689,173.15175154935648,175.6629553839889,169.81449966430665,163.9660439446244,3.4770940132360013,54.15587134607847,-0.507018688502626,-1.1567022205956023,12.87107652940232,27.477605367739645,22.352044488984774,83.36477912305193
2024-05-03 00:00:00+00:00,186.6499938964844,187.0,182.66000366210935,183.3800048828125,182.7188415527344,163224100,171.04900054931642,172.3883999633789,172.67328820247684,173.5528595232175,178.81675715065776,170.50449981689454,162.1922424831313,4.226595670939029,66.84311317705088,0.5827793787998132,-0.8088059007165193,15.096841656124553,43.94051323620891,17.074890601708525,303.9114973485473
2024-05-06 00:00:00+00:00,182.3500061035156,184.1999969482422,180.4199981689453,181.7100067138672,181.0548858642578,78569700,172.63600158691406,172.37220001220703,174.31632793182052,173.87274764834103,180.73848896617716,171.1675003051758,161.59651164417443,4.194695565498604,63.776195113048566,1.2967491858154858,-0.3876948834101183,16.51925240383241,41.11216578023833,19.79020974875129,176.07467595138763
2024-05-07 00:00:00+00:00,183.4499969482422,184.8999938964844,181.32000732421875,182.3999938964844,181.7423858642578,77305800,174.18600158691407,172.39699981689452,175.78608537994123,174.2071494619937,182.51700975097802,171.80400009155272,161.09099043212743,4.150787361729514,64.50091859231638,1.8963911838193042,0.06912233003576618,17.935885188332442,39.78398330702989,18.57100284494233,142.27372568731224
2024-05-08 00:00:00+00:00,182.8500061035156,183.07000732421875,181.4499969482422,182.7400054931641,182.08116149902344,45057100,175.55800170898436,172.39919982910158,177.05043449143628,174.54177126713765,184.09371968699062,172.5520004272461,161.01028116750157,3.9700159769797745,64.87386465443917,2.371708304681988,0.5296395249650105,19.251325041901005,38.62437954938478,18.029704490877617,107.78110685469849
2024-05-09 00:00:00+00:00,182.55999755859372,184.66000366210935,182.1100006103516,184.57000732421875,183.9045867919922,48983000,177.0260025024414,172.46220001220703,178.41762955194218,174.93503542623887,185.67569639359772,173.02850112915038,160.38130586470305,3.868585648663181,66.89004763613313,2.8630627955310786,0.9963241790782242,20.70728026375271,39.74158085970949,17.180812128348528,100.71940885035632
2024-05-10 00:00:00+00:00,184.8999938964844,185.08999633789065,182.1300048828125,183.0500030517578,182.63743591308597,50759500,178.4010025024414,172.5082000732422,179.25987927918138,175.25326945076904,186.66270670483516,173.3535011291504,160.04429555346564,3.8036855680931345,63.62345634096124,3.094145741891424,1.4158884916408643,22.123043411139864,38.34000711047349,16.225808951507325,80.58674410487644
2024-05-13 00:00:00+00:00,185.44000244140625,187.1000061035156,184.6199951171875,186.27999877929688,185.86013793945312,72044800,179.6790023803711,172.64059997558593,180.53626464283872,175.68569020875054,188.47664644326343,174.03300094604492,159.5893554488264,3.8212797987561133,67.28013366500075,3.4975961910442095,1.8322300315215334,23.732202826600655,39.19469748361286,14.997442597422241,92.3538476902561
2024-05-14 00:00:00+00:00,187.50999450683597,188.3000030517578,186.2899932861328,187.42999267578125,187.00755310058597,52393600,181.38900146484374,172.88719970703124,181.78966973973735,176.1462510898106,190.32792307106843,174.93550033569335,159.54307760031827,3.6926164144803906,68.49444651609922,3.865568606583764,2.2388977465339797,25.3951299095082,39.984429952992706,14.411425721689191,93.86391229168775
2024-05-15 00:00:00+00:00,187.91000366210935,190.6499938964844,187.3699951171875,189.72000122070312,189.2924041748047,70400000,183.43100128173828,173.27919982910157,183.23154819082202,176.67855501651226,192.34035922437664,176.02150039672853,159.7026415690804,3.663143546157152,70.81704722150663,4.292492763577684,2.649616749942721,27.251772958803024,42.009443955204986,13.489700842024154,104.10754628393957
2024-05-16 00:00:00+00:00,190.47000122070312,191.1000061035156,189.66000366210935,189.83999633789065,189.41212463378903,52845200,185.11200103759765,173.69359985351562,184.43308421756177,177.19468997029182,193.98896096569396,177.1615005493164,160.33404013293884,3.5043468519331147,70.9379468281097,4.587632465572739,3.0372198930687246,29.033929225921298,41.69366126515496,13.093757640456225,109.94448171521988
2024-05-17 00:00:00+00:00,189.50999450683597,190.80999755859372,189.17999267578125,189.8699951171875,189.44204711914065,41282900,185.76100006103516,174.11099975585938,185.42161347203916,177.69176076036618,195.12920447779882,178.40500030517578,161.68079613255273,3.370464577310936,70.97032575936586,4.768979627984891,3.383571840051958,30.483646784498195,40.25339289095577,13.658714734026065,101.52831940484006
2024-05-20 00:00:00+00:00,189.3300018310547,191.9199981689453,189.00999450683597,191.0399932861328,190.6094207763672,44361300,186.69399871826172,174.51719970703124,186.44313707460162,178.21522085941587,196.20892203743298,179.66500015258788,163.12107826774277,3.337574351025292,72.26805140083765,4.950046579215297,3.696866787884626,31.99225092456102,40.12204237211944,12.808073344791378,103.92186013094961
2024-05-21 00:00:00+00:00,191.08999633789065,192.72999572753903,190.9199981689453,192.3500061035156,191.91647338867188,42309400,187.68899993896486,174.90919982910157,187.51711326167688,178.76952616310606,197.27203835571567,180.93750076293946,164.60296317016326,3.228461227293746,73.6864404532074,5.139999810435285,3.985493392394758,33.51086723081872,40.307424699486084,12.295164536646489,112.60371440854549
2024-05-22 00:00:00+00:00,192.2700042724609,192.82000732421875,190.2700042724609,190.8999938964844,190.4697265625,34648500,188.50499877929687,175.26259979248047,188.1321824680055,179.2452307801013,197.95238867027496,182.03150024414063,166.1106118180063,3.179999724606415,69.45214237197146,5.114577581224097,4.211310230160626,34.6079336830299,37.99869831831583,13.050933346419017,91.669180723439
2024-05-23 00:00:00+00:00,190.97999572753903,191.0,186.6300048828125,186.8800048828125,186.45880126953125,51005900,188.73599853515626,175.57759979248047,187.90451381615222,179.54463368608998,197.90785901474396,182.88100051879883,167.8541420228537,3.2649997284651224,59.28144919364473,4.715691211592258,4.312186426446952,34.062347622731544,34.36590920463229,19.766502192313645,22.502006908985297
2024-05-24 00:00:00+00:00,188.82000732421875,190.5800018310547,188.0399932861328,189.97999572753903,189.5518035888672,36294600,189.4289978027344,175.91719970703124,188.2818741636771,179.95386357006836,197.86922185934185,183.91500015258788,169.9607784458339,3.2960710714674373,63.696481203123135,4.596726046798011,4.369094350517164,33.55573276683516,31.61037262504752,18.181579194436992,44.25751995480603
2024-05-28 00:00:00+00:00,191.50999450683597,193.0,189.1000061035156,189.9900054931641,189.5617828369141,52280100,189.79999847412108,176.2645999145508,188.59244349631106,180.34743776313093,198.06945890323254,184.7395004272461,171.40954195125965,3.3392085618112213,63.710163995287736,4.45193387851279,4.385662256116289,33.616720513384614,34.14989563258765,16.66478933943311,64.65861529456794
2024-05-29 00:00:00+00:00,189.6100006103516,192.25,189.50999450683597,190.2899932861328,189.86111450195312,53068000,190.08599853515625,176.59599975585937,188.90108891264228,180.73734190128786,197.49924496489518,185.7375,173.97575503510484,3.2964082083869104,64.14630238636771,4.311689081961873,4.370867621285406,33.67335191796011,32.122338252003736,15.675362695657347,58.154395036598586
2024-05-30 00:00:00+00:00,190.75999450683597,192.17999267578125,190.6300048828125,191.2899932861328,190.85885620117188,49947900,190.2429977416992,176.90019958496094,189.33543516236782,181.1511713673602,196.0906919135643,186.83699951171874,177.58330710987318,3.195950143056965,65.62919635499473,4.232446701963738,4.3431834374210725,33.72593815808955,30.765456355007352,15.013218623089308,76.31559666803415
2024-05-31 00:00:00+00:00,191.44000244140625,192.57000732421875,189.91000366210935,192.25,191.81668090820312,75158300,190.48399810791017,177.17179962158204,189.86535604193728,181.58641954903234,194.845708392714,187.7979995727539,180.7502907527938,3.157668148035925,67.03861668261817,4.19871093752198,4.314288937441254,33.42458421480572,28.914261014424856,15.738550254849082,83.90234382786255
2024-06-03 00:00:00+00:00,192.8999938964844,194.9900054931641,192.5200042724609,194.02999877929688,193.5926818847656,50080500,190.8999984741211,177.62499969482423,190.6225638123663,182.07440304825843,195.56927011054535,188.33049926757812,181.0917284246109,3.127835026345226,69.53325197642943,4.266425429968535,4.30471623594671,33.7320046269563,32.63145997743433,14.753756298143701,187.84340628789946
2024-06-04 00:00:00+00:00,194.63999938964844,195.32000732421875,193.02999877929688,194.3500061035156,193.91195678710935,47471400,191.2309997558594,178.0663998413086,191.30028059257526,182.5557992465038,195.98267128980402,188.96249923706054,181.94232718431707,3.0679901381293178,69.9732341563828,4.296385511965838,4.303050091150536,34.09236523361048,31.65999484199423,13.967147633181883,178.02720822559536
2024-06-05 00:00:00+00:00,195.3999938964844,196.8999938964844,194.8699951171875,195.8699951171875,195.42852783203125,54156800,191.58299865722657,178.56679962158202,192.13113777886838,183.0779245747659,196.59285281955493,189.6359992980957,182.67914577663646,3.030989890505339,72.03875997480195,4.392149537276964,4.3208699803758215,34.77633807747761,33.480857401780604,13.127814742667422,200.32788728827634
2024-06-06 00:00:00+00:00,195.69000244140625,196.5,194.1699981689453,194.47999572753903,194.0416717529297,41181800,191.94099884033204,179.06219940185548,192.55820286044485,183.52506461997268,196.71926322732153,190.22299880981444,183.72673439230735,2.9809192141615832,67.46809526289502,4.306242203662407,4.317944425033138,35.03467253275554,31.61157264454196,14.072200849375728,126.06618202884242
2024-06-07 00:00:00+00:00,194.6499938964844,196.94000244140625,194.13999938964844,196.88999938964844,196.44622802734372,53103900,192.94199829101564,179.53379943847656,193.34580222939096,184.04917970897958,197.41031077336103,190.83899841308593,184.26768605281083,2.967996607007233,70.91386978800412,4.382112907310329,4.330778121488576,35.381273517219405,30.54032722381015,13.123935448706185,126.51391962165408
2024-06-10 00:00:00+00:00,196.8999938964844,197.3000030517578,192.1499938964844,193.1199951171875,192.68472290039065,97262100,193.25599822998046,179.96659942626954,193.3047463908085,184.40489796028186,196.91699334592695,191.3424980163574,185.76800268678787,3.123854916360574,60.17618106214362,4.09087607609959,4.28279771241078,34.6475510249291,26.94396399219585,16.128748250598417,55.87880477192392
2024-06-11 00:00:00+00:00,193.6499938964844,207.16000366210935,193.6300048828125,207.1499938964844,206.68310546875,172373300,194.9719970703125,180.7089993286133,195.8220641191132,185.29686250679958,200.84584627632591,192.3859977722168,183.92614926810768,3.9035814307041146,75.21619162456162,4.935281583031099,4.413294486534843,35.894617242741816,38.06392734951996,11.985151772030536,228.44772249374043
2024-06-12 00:00:00+00:00,207.3699951171875,220.1999969482422,206.8999938964844,213.07000732421875,212.58978271484372,198134300,197.2499984741211,181.59359954833985,198.95805379276874,186.38600544081604,205.73647753586044,193.66799850463866,181.59951947341688,4.5747554068824785,78.84645502097459,6.012862107391754,4.7332080107062255,38.21316267594907,50.51970913764051,9.496294379109205,299.7329232181905
2024-06-13 00:00:00+00:00,214.7400054931641,216.75,211.6000061035156,214.2400054931641,213.75714111328125,97862700,199.5449996948242,182.48539978027344,201.73659046556787,187.4783191683591,209.76544914611912,194.8939987182617,180.0225482904043,4.615843927456098,79.48599503790516,6.881930895141323,5.162952587593246,40.36609646995266,46.493567889558726,8.739492268481605,203.317028634519
2024-06-14 00:00:00+00:00,213.8500061035156,215.1699981689453,211.3000030517578,212.4900054931641,212.01107788085935,70122700,201.56900024414062,183.35879974365236,203.6917568342217,188.4591696124691,212.54452301525035,196.0264991760254,179.50847533680044,4.56256894377336,75.79484430135997,7.344797542009019,5.599321578476401,42.25737428101924,43.67670066857911,8.679665506685563,137.0829474936331
2024-06-17 00:00:00+00:00,213.3699951171875,218.9499969482422,212.72000122070312,216.6699981689453,216.18165588378903,93728300,203.83300018310547,184.30059967041015,206.0514370768987,189.5654766146839,215.89520709808014,197.3664993286133,178.83779155914644,4.6980992853537415,78.3776737906827,7.957187663497507,6.070894795480622,44.270553011420695,45.13395989671196,7.8271834905503574,127.17198159339321
2024-06-18 00:00:00+00:00,217.58999633789065,218.6300048828125,213.0,214.2899932861328,213.8070068359375,79943300,205.82699890136718,185.21739959716797,207.54935638766852,190.53506550376034,218.20597522459977,198.52899932861328,178.8520234326268,4.7646640448603135,73.5643792221246,8.156442353060442,6.4880043069965865,46.13993239129715,41.324596775158255,7.166559335196582,98.9566259442789
2024-06-20 00:00:00+00:00,213.92999267578125,214.2400054931641,208.8500061035156,209.67999267578125,209.2073974609375,86172500,207.20799865722657,186.0175994873047,207.936744803689,191.28584696148667,219.43079339266384,199.39549865722657,179.3602039217893,4.812901461620432,65.21071778420736,7.851853330632309,6.760774111723731,46.397859123353975,37.98824416779383,12.747003447438594,56.34584322856434
2024-06-21 00:00:00+00:00,210.38999938964844,211.88999938964844,207.1100006103516,207.4900054931641,207.02235412597656,246421400,208.50899963378907,186.81179962158203,207.85551947450264,191.92130415880735,220.1581434507442,200.22499923706056,180.2918550233769,4.810551267773892,61.63033782707036,7.349035565380007,6.878426402454987,46.0815124466195,35.2920290499508,14.425902161799046,33.37874674618393
2024-06-24 00:00:00+00:00,207.72000122070312,212.6999969482422,206.58999633789065,208.13999938964844,207.6708831787109,80727000,209.63399963378907,187.47379974365234,207.90724309543822,192.5573314227619,220.51615631559963,201.28799896240236,182.05984160920508,4.903369160544922,62.2920894181742,6.923191694712386,6.887379460906467,45.8930058945596,33.33077286986928,13.141911114677514,29.33858876917908
2024-06-25 00:00:00+00:00,209.1499938964844,211.3800048828125,208.6100006103516,209.07000732421875,208.59878540039065,56713900,211.2290008544922,188.12419982910157,208.1186547733983,193.20488734046612,221.0205583654598,202.24249954223632,183.46444071901283,4.784557371853236,63.26822685864442,6.584845230198226,6.826872614764819,45.71796415676845,31.71856258550088,12.506236558373068,27.556514631320837
2024-06-26 00:00:00+00:00,211.5,214.8600006103516,210.63999938964844,213.25,212.7693634033203,66213200,211.83900146484376,188.93539978027343,209.05162663278043,193.9909701898596,221.88287762341866,203.40549926757814,184.9281209117376,4.856374277971336,67.35824766953762,6.578164706721537,6.777131033156163,46.0091123856513,34.135848536769814,11.441199188089147,52.69158779283552
2024-06-27 00:00:00+00:00,214.69000244140625,215.7400054931641,212.3500061035156,214.1000061035156,213.61746215820312,49772700,211.94200134277344,189.8297998046875,209.96951380927771,194.7795598335324,222.60198612592956,204.59599990844725,186.59001369096495,4.751633139901848,68.13525528373793,6.565772593090372,6.734859345143005,46.38588558273778,33.71914914167764,10.858156252360851,61.98099138095706
2024-06-28 00:00:00+00:00,215.7700042724609,216.07000732421875,210.3000030517578,210.6199951171875,210.1452789306641,82542700,211.5800003051758,190.68219970703126,210.0877831379886,195.4007533740679,222.66006682000824,205.5625,188.46493317999176,4.8243739832039205,61.66348451600532,6.203632338850724,6.628613943884549,45.98699993102175,30.838542041252136,12.965739712490219,30.93485805852134
2024-07-01 00:00:00+00:00,212.08999633789065,217.50999450683597,211.9199981689453,216.75,216.261474609375,60402900,212.00599975585936,191.67639984130858,211.29909529471792,196.2379787319476,223.3980927397142,206.7875,190.1769072602858,4.97191874572447,67.51649167969836,6.338210793116957,6.570533313731031,45.82720422221841,29.854747380154734,11.682331863774035,84.61451841017126
2024-07-02 00:00:00+00:00,216.1499938964844,220.3800048828125,215.1000061035156,220.2700042724609,219.77354431152344,58046200,212.36600036621093,192.7817999267578,212.93016965430752,197.1804111060854,224.61710388698557,208.0995002746582,191.58189666233082,4.99392447496005,70.31879417601263,6.652217492204244,6.586870149425673,46.06685489150088,31.705111218870304,10.800077930269062,168.27298128250808
2024-07-03 00:00:00+00:00,220.0,221.5500030517578,219.02999877929688,221.5500030517578,221.0506591796875,37369800,213.09200134277344,193.89600006103515,214.49741209020758,198.1360813784647,225.70161567864187,209.45950012207032,193.21738456549878,4.817215795473986,71.28875708480018,6.924533555168637,6.654402830574266,46.43703016542053,32.25526333979335,10.396521511882908,175.33361751386516
2024-07-05 00:00:00+00:00,221.6499938964844,226.4499969482422,221.6499938964844,226.33999633789065,225.8298492431641,60412400,214.75800170898438,195.0848001098633,216.65060922614995,199.2421172592265,227.55337764567537,210.98300018310547,194.41262272053558,4.8231285198826965,74.6299730495512,7.44108225917509,6.811738716294431,47.320551179801406,37.17129239857194,9.642077633549036,198.60977318126638
2024-07-08 00:00:00+00:00,227.08999633789065,227.8500061035156,223.25,227.82000732421875,227.30653381347656,59085900,216.79100189208984,196.26080017089845,218.68140888034426,200.36281883040266,228.9499693580401,212.65000076293944,196.35003216783878,4.807191197149557,75.57574954547324,7.879050555990659,7.025201084233677,48.27491767110858,36.71086210240189,8.983040631905302,171.76306954802266
2024-07-09 00:00:00+00:00,227.92999267578125,229.3999938964844,226.3699951171875,228.67999267578125,228.16458129882807,48076100,218.84500122070312,197.4366000366211,220.49933320678736,201.4732962361038,230.28005961194637,214.2395004272461,198.19894124254583,4.680248827756805,76.13253099025329,8.201001180617624,7.260361103510467,49.30570797574399,37.37878950952268,8.567638211264564,148.6478816104751
2024-07-10 00:00:00+00:00,229.3000030517578,233.0800018310547,229.25,232.97999572753903,232.45489501953125,62627700,221.23600006103516,198.71019989013672,222.76854457419674,202.70885307890518,231.14711994278716,216.23250045776368,201.3178809727402,4.660231700411465,78.74197945773524,8.70280318203973,7.54884951921632,50.57274680316644,40.49840536054571,7.989835833362042,146.0069247799049
2024-07-11 00:00:00+00:00,231.38999938964844,232.38999938964844,225.7700042724609,227.57000732421875,227.05709838867188,64710600,222.66800079345703,199.7916000366211,223.64153780147348,203.6838003042116,232.33612464767,217.25350112915038,202.17087761063075,4.84235746376731,68.5825719906626,8.565209627538167,7.75212154088069,50.48549855134085,36.19127565674467,12.27336085223978,95.68646915844006
2024-07-12 00:00:00+00:00,228.9199981689453,232.63999938964844,228.67999267578125,230.5399932861328,230.0203857421875,53046500,224.31199951171874,200.99579986572266,224.89580243504787,204.7369843427183,234.13447926654607,218.1270004272461,202.1195215879461,4.858617083692401,70.80921489232549,8.596721140174964,7.921041460739546,50.43388668255948,33.86125441378874,11.35855228792277,98.22700238513505
2024-07-15 00:00:00+00:00,236.47999572753903,237.22999572753903,233.08999633789065,234.3999938964844,233.87168884277344,62631300,226.68999938964845,202.29779968261718,226.62383724621813,205.9002396193366,236.51646827884434,219.1349998474121,201.75353141597986,4.98943036477168,73.44353125709559,8.831361591754046,8.103105486942447,50.88278556730741,37.18925860591252,10.270698838026943,118.18558953227463
2024-07-16 00:00:00+00:00,235.0,236.2700042724609,232.3300018310547,234.82000732421875,234.29074096679688,43234300,228.49700012207032,203.53359985351562,228.1140499876728,207.03434815678295,238.62272354903027,220.25149993896486,201.88027632889944,4.914471205443514,73.7214285976398,8.948059750710712,8.2720963396961,51.02991477507767,35.059603342148755,10.787145661295863,101.41008227406373
2024-07-17 00:00:00+00:00,229.4499969482422,231.4600067138672,226.63999938964844,228.8800048828125,228.3641357421875,57345900,229.35800018310547,204.44359985351562,228.2533145140618,207.8910405774116,239.5257566709191,220.86200027465821,202.19824387839734,5.14772389236162,63.58717580480811,8.46367139273599,8.310411350304078,49.389542046831885,31.080203660147657,17.458075068795736,42.61378668842449
2024-07-18 00:00:00+00:00,230.27999877929688,230.44000244140625,222.2700042724609,224.17999267578125,223.6747283935547,66034600,229.62099914550782,205.2929995727539,227.51271054346535,208.52982301264177,239.8205529272065,221.35650024414062,202.89244756107473,5.363600680896959,56.91975235073851,7.612783000112415,8.170885680265744,46.78160908610045,27.69860975657521,21.37824472178808,-2.173796856976546
2024-07-19 00:00:00+00:00,224.82000732421875,226.8000030517578,223.27999877929688,224.30999755859372,223.80442810058597,49151500,229.41799926757812,206.1311996459961,226.9303990916705,209.14865338699283,239.7870777109171,222.08800048828124,204.3889232656454,5.231915192284619,57.05389215675628,6.869747948109051,7.910658133834406,44.35995728878957,26.3675040885638,20.35087537107357,-28.916587073572103
2024-07-22 00:00:00+00:00,227.00999450683597,227.77999877929688,223.08999633789065,223.9600067138672,223.45523071289065,48201800,229.03199920654296,206.95559967041015,226.39032775025169,209.72949077236046,239.30129356255978,222.9115005493164,206.52170753607302,5.193207130225408,56.543453547579674,6.181390755101347,7.5648046580877955,42.29746304084667,26.01451424271279,19.038093479047504,-43.922986510579
2024-07-23 00:00:00+00:00,224.3699951171875,226.94000244140625,222.67999267578125,225.00999450683597,224.5028533935547,39960300,228.66499938964844,207.7643994140625,226.13935806963065,210.32872621292813,238.6888756809902,223.75500030517577,208.82112492936133,5.126550162139114,57.76427032970736,5.65539607449054,7.182922941368345,40.27257353274248,24.470422300971197,18.479348113320327,-60.6185828111183
2024-07-24 00:00:00+00:00,224.0,224.8000030517578,217.1300048828125,218.5399932861328,218.0474395751953,61777600,227.22099914550782,208.47419921875,224.75765538172192,210.65073668638715,237.80912121167918,224.22849960327147,210.64787799486376,5.323224446326967,48.687742996871556,4.662717568377644,6.678881866770205,37.72144367937862,21.883017511158524,23.972551781010136,-154.9238458405613
2024-07-25 00:00:00+00:00,218.92999267578125,220.8500061035156,214.6199951171875,217.4900054931641,216.99981689453125,51391200,226.21299896240234,209.09839935302733,223.4362644928932,210.91894330626076,237.44932290968447,224.44049987792968,211.4316768461749,5.3879949247572965,47.38643809977575,3.7480819055352583,6.092721874523216,35.852251746128786,20.075673258260196,25.320147351355992,-169.03834381701105
2024-07-26 00:00:00+00:00,218.6999969482422,219.4900054931641,216.00999450683597,217.9600067138672,217.46875,41601300,224.9550003051758,209.70899963378906,222.440581260343,211.19506343989238,237.12728542983942,224.63349990844728,212.13971438705514,5.2517103356730885,48.05570096876414,3.026266803757153,5.4794308603700035,34.11657363998917,19.125457990464035,24.121702333517913,-134.04744099223035
2024-07-29 00:00:00+00:00,216.9600067138672,219.3000030517578,215.75,218.2400054931641,217.7481231689453,36311800,223.33900146484376,210.27939971923828,221.676840211765,211.4713356772756,236.16859034682122,225.0145004272461,213.860410507671,5.130159797129084,48.47618439211596,2.4485908653420836,4.873262861364419,32.560018309684146,18.18013176394452,23.291420828337518,-112.79156398520126
2024-07-30 00:00:00+00:00,219.19000244140625,220.3300018310547,216.1199951171875,218.8000030517578,218.30685424804688,41643800,221.73700103759765,210.8585998535156,221.15377890994552,211.75873439784354,235.99979888139436,225.11700057983398,214.2342022782736,5.064434567725559,49.359115764808564,2.012763757407953,4.301163040573126,30.826587088412623,18.5533423011123,21.908428308452738,-91.71996639331651
2024-07-31 00:00:00+00:00,221.44000244140625,223.82000732421875,220.6300048828125,222.0800018310547,221.5794677734375,50036300,221.05700073242187,211.50279998779297,221.32218307741988,212.16348998345967,235.9568509311692,225.20750045776367,214.45814998435813,5.061260974795481,54.29900097301327,1.9100186181167658,3.822934156081854,28.928403439200917,22.16428214567242,20.356296501939443,-32.97373754051877
2024-08-01 00:00:00+00:00,224.3699951171875,224.47999572753903,217.0200042724609,218.3600006103516,217.8678436279297,62501000,220.4750015258789,212.04920013427736,220.78360444704384,212.40649040020054,236.10010275204002,225.04800033569336,213.9958979193467,5.2325988868574935,48.51836266173001,1.5110014615434295,3.360547617174169,27.40942280555255,19.907204122711217,23.21123249014484,-54.84781850415055
2024-08-02 00:00:00+00:00,219.1499938964844,225.6000061035156,217.7100067138672,219.8600006103516,219.36447143554688,105568600,220.03000183105468,212.59940002441405,220.61567647673616,212.69878491824568,235.98358677045334,224.7240005493164,213.46441432817946,5.422413229690374,50.793157908954925,1.3008199119598487,2.9486020761313054,25.716087960596074,19.313546519066353,20.798803309872568,-29.392441900648922
2024-08-05 00:00:00+00:00,199.08999633789065,213.5,196.0,209.2700042724609,208.79833984375,119548600,218.56100158691407,212.9668002319336,218.55282698504976,212.5643229321365,236.8036293779441,223.7965003967285,210.7893714155129,6.7393838934959085,38.020153513422976,0.2765375665345857,2.414189174211961,27.13114954827315,14.429449366963725,38.548850875830375,-248.40842094106907
2024-08-06 00:00:00+00:00,205.3000030517578,209.9900054931641,201.07000732421875,207.22999572753903,206.762939453125,69660500,216.7830017089844,213.37380004882812,216.49413039277505,212.35513362999544,237.3767988031014,222.7240005493164,208.0712022955314,6.895142071031417,36.1350410719883,-0.691849996188779,1.7929813401318133,28.44513525526732,13.096101989881548,34.98676005048685,-198.01985944249316
2024-08-07 00:00:00+00:00,206.8999938964844,213.63999938964844,206.38999938964844,209.82000732421875,209.34710693359372,63516400,215.91100311279297,213.77060028076173,215.28065347121935,212.25571691212184,236.45244351305234,221.56600112915038,206.6795587452484,6.920489068224898,40.18969520850027,-1.2360632584598363,1.1871724204134835,28.853693917015047,15.88340163749598,32.36871600193352,-115.77399790291231
2024-08-08 00:00:00+00:00,213.1100006103516,214.1999969482422,208.8300018310547,213.30999755859372,212.8292236328125,47161100,215.49300231933594,214.2370001220703,214.9223523961965,212.29706125119918,235.88614365812938,220.85300064086914,205.8198576236089,6.809739491095266,45.2351494388429,-1.3699512001356027,0.6757476963036664,29.111020801726806,15.576131273906023,30.54548849139466,-68.41042802596057
2024-08-09 00:00:00+00:00,212.1000061035156,216.77999877929688,211.97000122070312,216.2400054931641,215.7526397705078,42201600,215.3210021972656,214.75600036621094,215.1619256865542,212.45168651558996,234.61000429203304,220.13800125122071,205.6659982104084,6.666900770614695,49.11606515633504,-1.2255043539598773,0.2954972862509576,28.787657279150235,17.53762357878447,28.97136087780849,-19.84446470860006
2024-08-12 00:00:00+00:00,216.07000732421875,219.50999450683597,215.6000061035156,217.52999877929688,217.2909393310547,38028100,215.2500015258789,215.2808004760742,215.5924844306892,212.6508360161275,232.22788284737993,219.29450149536132,206.3611201433427,6.469978444562629,50.770173478090115,-0.995462439071332,0.037305341186499696,27.92293279611305,19.794505491481548,27.720774980591475,26.45578853136709
2024-08-13 00:00:00+00:00,219.00999450683597,221.88999938964844,219.00999450683597,221.2700042724609,221.02682495117188,44155300,215.49700164794922,215.86120056152345,216.62476076555677,212.9888426144151,229.4801769082241,218.61700134277345,207.7538257773228,6.319265732096725,55.30643163941723,-0.5055378517230906,-0.07126329739541837,26.651538534287866,21.50917625020999,26.354628421843532,74.9666286142704
2024-08-14 00:00:00+00:00,220.57000732421875,223.02999877929688,219.6999969482422,221.72000122070312,221.4763336181641,41960600,215.46100158691405,216.41500061035157,217.5511681210379,213.33124099113226,228.17645043643796,218.25900115966797,208.341551882898,6.105746868837687,55.83376092156875,-0.0800354942346928,-0.07301773676327326,25.249329014033368,22.00489594083241,25.32794969012767,78.92678393871878
2024-08-15 00:00:00+00:00,224.6000061035156,225.3500061035156,222.75999450683597,224.72000122070312,224.47303771972656,46414000,216.0970016479492,217.0224005126953,218.85459232097702,213.77785903935074,228.27049758400784,218.28600158691407,208.3015055898203,5.928908145410507,59.28289530823055,0.4935636233899743,0.04029853526737624,23.502685648216044,23.837597410870018,24.220294692618364,105.7945467493701
2024-08-16 00:00:00+00:00,223.9199981689453,226.8300018310547,223.6499938964844,226.0500030517578,225.80157470703125,44340200,216.71600189208985,217.62600067138672,220.1628488174826,214.25911958885692,228.59347750513584,218.37300186157228,208.15252621800872,5.732558119896249,60.746467373307446,1.0434369969590875,0.24092622760571852,22.043659227742328,24.73716872391325,23.260604299228824,106.46947841911314
2024-08-19 00:00:00+00:00,225.72000122070312,225.9900054931641,223.0399932861328,225.88999938964844,225.64175415039065,40687800,218.37800140380858,218.25420074462892,221.20414892151274,214.7152325222213,228.9327227673644,218.46950149536133,208.00628022335826,5.538090370690995,60.464886706100415,1.4495946243226001,0.4826599069490949,20.565395213830705,23.776818054662012,23.1443369721211,87.74034530419236
2024-08-20 00:00:00+00:00,225.7700042724609,227.1699981689453,225.4499969482422,226.50999450683597,226.2610626220703,30299000,220.30600128173828,218.84660064697266,222.1688481188442,215.17777220789247,229.21365306396237,218.54450149536132,207.87534992676026,5.265369704600262,61.21510467156241,1.8007479927241263,0.7462775241041013,19.430555568469625,24.822777914829423,22.604308555921243,96.50091211067839
2024-08-21 00:00:00+00:00,226.5200042724609,227.97999572753903,225.0500030517578,226.3999938964844,226.15118408203125,34765500,221.96399993896483,219.5122006225586,222.93814735114242,215.61785933293532,230.14262299803912,218.9375015258789,207.73238005371869,5.098557052573522,60.993956787137336,2.046571831042314,1.006336385491744,18.542524115392453,24.938625800019857,21.676448538015762,86.38259141341666
2024-08-22 00:00:00+00:00,227.7899932861328,228.33999633789065,223.8999938964844,224.52999877929688,224.2832489013672,43695300,223.08600006103515,219.85980072021485,223.22757488353412,215.96735499749855,230.7304490663071,219.28950119018555,207.848553314064,5.051517435628115,57.21016317112719,2.0666726997946796,1.218403648352331,17.443664249661936,23.37293552927467,21.941679050842016,70.27333409278235
2024-08-23 00:00:00+00:00,225.66000366210935,228.22000122070312,224.3300018310547,226.83999633789065,226.5906982421875,38677300,224.1459991455078,220.13520050048828,223.8843787843262,216.39373308927864,231.61437734061843,219.7335006713867,207.85262400215498,4.968551857865729,60.47227041012405,2.243142727567715,1.423351464195408,16.42329439004342,22.065847167944717,20.714631071375706,72.86324065950835
2024-08-26 00:00:00+00:00,226.75999450683597,227.27999877929688,223.88999938964844,227.17999267578125,226.93032836914065,30602200,225.11099853515626,220.3940002441406,224.48358131004528,216.81672366129837,232.46870330789173,220.18050003051758,207.89229675314343,4.855798106287485,60.944214317915545,2.382962055739398,1.615273582504206,15.36031600331352,20.965495303649234,20.3289015804343,63.92335638513391
2024-08-27 00:00:00+00:00,226.0,228.8500061035156,224.88999938964844,228.02999877929688,227.7793884277344,35934600,225.78699798583983,220.70480010986327,225.12838448627284,217.25645994043558,233.37344841139898,220.64199981689453,207.91055122239007,4.791813004800986,62.16058356820005,2.533157605376715,1.798850387078708,14.772778324910796,22.068227826366943,19.12889963045944,75.08198537552276
2024-08-28 00:00:00+00:00,227.9199981689453,229.8600006103516,225.67999267578125,226.4900054931641,226.2410888671875,38052200,226.26399841308594,220.90120025634766,225.37595194207125,217.61855976603277,233.83638014862564,220.8625,207.8886198513744,4.74811264135557,58.59970665134009,2.4991158210947617,1.9389034738819189,14.47837873402562,22.199920506721384,17.9260313898446,75.66340195528413
2024-08-29 00:00:00+00:00,230.1000061035156,232.9199981689453,228.8800048828125,229.7899932861328,229.53746032714844,51906300,226.7709976196289,221.21120025634767,226.1785049137188,218.09587088446807,234.9137119979669,221.43399963378906,207.9542872696112,4.868246932811797,63.43365122023957,2.707211844573976,2.0925651480203302,14.906787742747069,24.595244976739394,16.23483513549321,157.59054359166439
2024-08-30 00:00:00+00:00,230.19000244140625,230.3999938964844,227.47999572753903,229.0,228.7483367919922,52990800,227.0659973144531,221.59760040283203,226.6915040203154,218.52348379095952,235.7409319950085,221.8909996032715,208.04106721153448,4.729086303290066,61.579976542979914,2.7763792151345683,2.229327961443178,14.86232042047874,23.510497952633685,17.633402322680663,114.52282551854125
2024-09-03 00:00:00+00:00,228.5500030517578,229.0,221.1699981689453,222.7700042724609,222.52517700195312,50190600,226.75399780273438,221.90320037841798,225.97850406616,218.69001400592037,235.1475238539062,222.56599960327148,209.98447535263676,4.950580274778023,49.335903202204925,2.301950809643216,2.243852531083186,14.41023921930576,20.85442769509164,24.745558411177356,-79.72034611290216
2024-09-04 00:00:00+00:00,221.66000366210935,221.77999877929688,217.47999572753903,220.8500061035156,220.6072998046875,43840200,226.18799896240233,222.15740051269532,225.04604989113375,218.7747195783751,233.73461326357383,223.24700012207032,212.7593869805668,4.974825151747345,46.28172950921197,1.750852338192601,2.145252492505069,14.720177806130058,19.270450947091412,28.164142792731315,-244.85815961213189
2024-09-05 00:00:00+00:00,221.6300048828125,225.47999572753903,221.5200042724609,222.3800048828125,222.13560485839844,36615400,225.78600006103517,222.4236004638672,224.56131443507533,218.91610331580404,232.39004568686428,223.875,215.35995431313572,4.950194042123778,48.991592695957785,1.421178482974966,2.0004376905990484,14.095055915659467,23.321918572172965,26.282547121364566,-108.68785720631419
2024-09-06 00:00:00+00:00,223.9499969482422,225.2400054931641,219.7700042724609,220.82000732421875,220.57733154296875,48423000,225.41500091552734,222.57500061035157,223.88107677855595,218.9907662180948,231.4257873337683,224.25050048828126,217.0752136427942,4.987323127008493,46.42030399512256,1.02224698509076,1.8047995494973907,13.863660131207604,21.49484446251959,26.729887521884418,-123.71990930423576
2024-09-09 00:00:00+00:00,220.82000732421875,221.2700042724609,216.7100067138672,220.91000366210935,220.66722106933597,67180000,224.8220016479492,222.71120056152344,223.34088166647473,219.06603043158557,230.8608985676117,224.4840003967285,218.1071022258453,4.956799871587009,46.59444510859823,0.7052234739865355,1.58488433439522,14.216411418473028,20.08240610182928,29.382975084325096,-151.6770097040859
2024-09-10 00:00:00+00:00,218.9199981689453,221.47999572753903,216.72999572753903,220.1100006103516,219.86810302734372,51591000,224.11500244140626,222.90100067138673,222.75344874717962,219.10697043859602,230.50816913001896,224.61300048828124,218.71783184654353,4.9420284519476505,45.18846194209186,0.3849885882348758,1.3449051851631513,14.48842691428275,19.007192822080683,27.365741887789216,-123.13232791770814
2024-09-11 00:00:00+00:00,221.4600067138672,223.08999633789065,217.88999938964844,222.66000366210935,222.4152984619141,44587100,223.5780029296875,223.0192007446289,222.7364587317123,219.24630507481223,230.44977077501994,224.68250045776367,218.9152301405074,4.960454773389878,50.33301353353763,0.3331240227493595,1.142548952680393,14.308797038870477,19.902311172319315,25.316653030399234,-70.45772923721444
2024-09-12 00:00:00+00:00,222.5,223.5500030517578,219.82000732421875,222.7700042724609,222.52517700195312,37498200,223.20600280761718,223.06920074462892,222.7425579209393,219.38448935707297,230.41185095487015,224.73500061035156,219.05815026583298,4.872564840310637,50.548635447125164,0.2974680839753603,0.9735327789393864,14.01778439519285,19.488406768265204,23.932357020006933,-45.5704542174405
2024-09-13 00:00:00+00:00,223.5800018310547,224.0399932861328,221.91000366210935,222.5,222.25547790527344,36766600,222.4770034790039,223.08820068359375,222.69845648076853,219.50666624503089,230.38389172269618,224.6240005493164,218.86410937593664,4.676666608024412,49.97512778566359,0.24460376737232536,0.8277469766259743,13.60973905780715,19.602787983372473,23.153785488072913,-24.296361423773657
2024-09-16 00:00:00+00:00,216.5399932861328,217.22000122070312,213.9199981689453,216.32000732421875,216.082275390625,59357400,221.2090042114258,222.8878009033203,221.5387384523049,219.38169922852845,230.8913279912374,224.13750076293945,217.3836735346415,4.955476270184196,39.05341382024545,-0.29259252053989826,0.6036790771927998,14.770703022363742,17.17845766885928,31.80714192448758,-152.46022369078023
2024-09-17 00:00:00+00:00,215.75,216.8999938964844,214.5,216.7899932861328,216.5517425537109,45519300,220.61100311279296,222.6672006225586,220.67533024027358,219.28006370137567,231.09660890422444,223.68250045776367,216.2683920113029,4.772941812870047,40.125089491181114,-0.6726466577482029,0.34841393020459926,15.84874098438332,16.561464812705868,30.66473556179986,-129.0894390657943
2024-09-18 00:00:00+00:00,217.5500030517578,222.7100067138672,217.5399932861328,220.69000244140625,220.4474639892578,59894900,220.59500274658203,222.5074008178711,220.67799791320678,219.335355416671,230.79571217883574,223.3915008544922,215.98728953014864,4.85487550050047,48.25600368979352,-0.6516325402371592,0.1484046361162476,15.314923024992527,23.66709343947162,27.99384688271974,-35.36577756614415
2024-09-19 00:00:00+00:00,224.9900054931641,229.82000732421875,224.6300048828125,228.8699951171875,228.61846923828125,66781300,221.24400177001954,222.42520080566408,222.16745195029418,219.70926285590696,231.1931458787179,223.51500091552734,215.83685595233678,5.160241887908218,60.402140806669244,0.02479255206583275,0.12368221930616465,15.00861957520266,30.517815860101784,24.456028767730132,147.89843151043823
2024-09-20 00:00:00+00:00,229.97000122070312,233.08999633789065,227.6199951171875,228.1999969482422,227.9492034912109,318679900,221.98200073242188,222.43780059814452,223.26427831355744,220.04223282031225,231.63594465954202,223.6985008239746,215.76105698840718,5.182367554735369,59.17686032264881,0.5010255476344412,0.19915088497181996,15.241816448291855,32.72401120983983,22.61221473316341,188.62188252589212
2024-09-23 00:00:00+00:00,227.33999633789065,229.4499969482422,225.80999755859372,226.47000122070312,226.2211151123047,54146000,222.53800048828126,222.35640075683594,223.84713702394754,220.2943021693472,231.58974757201423,223.68000106811525,215.77025456421626,5.0721983991664805,56.017060306937175,0.730427516921452,0.3054062113617464,15.067185662447734,31.04658440407059,24.002022199125786,117.74548942326598
2024-09-24 00:00:00+00:00,228.6499938964844,229.3500061035156,225.72999572753903,227.3699951171875,227.1201171875,43556100,223.26399993896484,222.21580078125,224.48765667726389,220.57178032416448,231.6164773925187,223.68950119018555,215.7625249878524,4.96847068242016,57.29458653546044,0.9736288291374535,0.43905073491688784,14.887309988712113,29.430839184486473,22.867907959355627,100.57018239492419
2024-09-25 00:00:00+00:00,224.92999267578125,227.2899932861328,224.0200042724609,226.3699951171875,226.1212158203125,42308700,223.63499908447267,222.04680053710936,224.82990002997724,220.79916129643988,231.38328834280532,223.60650100708008,215.82971367135485,4.852864978895512,55.37013801748301,1.0733036027637866,0.5659013084862676,14.332932592499017,27.979663392171812,24.25724725091624,60.60771514842903
2024-09-26 00:00:00+00:00,227.3000030517578,228.5,225.41000366210935,227.5200042724609,227.26995849609372,36636700,224.10999908447266,222.01960052490233,225.31900989224698,221.06272376608777,231.52362197859023,223.65800094604492,215.79237991349962,4.726945789410559,57.15253257061427,1.2309036161080371,0.6989017700106216,14.05310304885531,28.501649707276748,23.124610040865612,71.10201828040886
2024-09-27 00:00:00+00:00,228.4600067138672,229.5200042724609,227.3000030517578,227.7899932861328,227.53965759277344,34026000,224.63899841308594,222.09180053710938,225.7682796002262,221.32653825706993,231.15552688252902,223.55800094604493,215.96047500956084,4.547878319105635,57.58085390052289,1.3618896035384012,0.8314993367161776,13.992589850235987,29.109888281508223,22.318320991090413,76.35987413089785
2024-09-30 00:00:00+00:00,230.0399932861328,233.0,229.6499938964844,233.0,232.7439422607422,54541900,226.30699768066407,222.2656005859375,227.08313785473052,221.78432107051816,232.0928434065763,223.75800094604492,215.42315848551354,4.595173204718352,64.87727126860085,1.8646069144143667,1.0381208522558154,14.573085549789418,32.16179967623317,20.51085604447684,118.38194397305682
2024-10-01 00:00:00+00:00,229.5200042724609,229.6499938964844,223.7400054931641,226.2100067138672,225.9614105224609,63285000,227.2489990234375,222.3106005859375,226.9243867382099,221.95787737025734,232.31799854341244,223.93000106811525,215.54200359281805,4.928374728081555,52.26076156660246,1.69557278570079,1.1696112389448103,13.732812083607307,27.845423206769446,26.323673951058122,27.379796466231703
2024-10-02 00:00:00+00:00,225.88999938964844,227.3699951171875,223.0200042724609,226.77999877929688,226.53077697753903,32880600,227.85799865722657,222.34600067138672,226.89813438204388,222.14698017061184,232.57719391316527,224.22650070190429,215.8758074906433,4.887061593350877,53.085540419775676,1.5892853249970642,1.2535460561552612,12.803305841369319,26.075043920489733,25.702388863958404,9.849351750183995
2024-10-03 00:00:00+00:00,225.13999938964844,226.80999755859372,223.32000732421875,225.6699981689453,225.42198181152344,34044200,227.53799896240236,222.48860076904296,226.67483688875322,222.28513773917396,232.71930536638104,224.39100036621093,216.06269536604083,4.787270781534925,51.22936055749695,1.399353102537333,1.2827074654316755,11.94019290381601,24.717251957830584,24.364001970841823,-1.7343808882414635
2024-10-04 00:00:00+00:00,227.8999938964844,228.0,224.1300048828125,226.8000030517578,226.55075073242188,37245100,227.39799957275392,222.67480072021485,226.69759437293587,222.46219128084394,232.9127321324987,224.69000015258788,216.46726817267708,4.721751090943622,53.02991774835687,1.324741601489393,1.291114292643219,11.404642717297738,25.07039878535191,22.937646015024516,5.541153026155128
2024-10-07 00:00:00+00:00,224.5,225.69000244140625,221.3300018310547,221.69000244140625,221.4463653564453,39505400,226.9199996948242,222.74940063476564,225.78712311265775,222.43190936557187,232.88679144658897,224.72900009155273,216.5712087365165,4.775197528996261,44.94847741338111,0.8435531505379004,1.2016020642221554,10.920036000134568,23.019098264388283,25.249163768255805,-130.34772739186803
2024-10-08 00:00:00+00:00,224.3000030517578,225.97999572753903,223.25,225.7700042724609,225.5218811035156,31855700,226.76000061035157,222.90000061035155,225.78401059625833,222.56281504819495,232.89736076592422,225.0120002746582,217.12663978339216,4.740540082949383,51.326479618909964,0.782410742149608,1.117763799807646,10.398413885943608,21.96809612673259,23.617060048438884,-82.79919752296416
2024-10-09 00:00:00+00:00,225.22999572753903,229.75,224.8300018310547,229.5399932861328,229.2877349853516,33591100,227.0770004272461,223.11480041503907,226.46691653987187,222.83642988105527,233.39961424402682,225.3559997558594,217.31238526769195,4.753358517707358,56.35784573016377,1.0263306484386305,1.099477169533843,10.273004095849236,26.00911011187067,21.87098796427822,46.346476179424506
2024-10-10 00:00:00+00:00,227.77999877929688,229.5,227.1699981689453,229.0399932861328,228.7882843017578,28183500,227.22899932861327,223.25400024414063,226.93474867555568,223.0797068773328,233.7740345757131,225.66949920654298,217.56496383737286,4.583118274270699,55.537877467704995,1.1658538724720415,1.1127525101214828,10.156552148059799,25.048418839574303,21.063145359767454,75.73095735651017
2024-10-11 00:00:00+00:00,229.3000030517578,229.41000366210935,227.33999633789065,227.5500030517578,227.2999267578125,31759200,227.2050003051758,223.43780029296875,227.0466131075924,223.2550126096632,233.9299068348838,225.92199935913087,217.91409188337792,4.403610348735926,53.06039146298334,1.1430212358816902,1.1188062552735243,10.048418196674973,24.207381494155882,20.355919407782288,50.00515783680855
2024-10-14 00:00:00+00:00,228.6999969482422,231.72999572753903,228.6000061035156,231.3000030517578,231.0458068847656,39882100,227.03500061035157,223.66660034179688,227.8199567338043,223.5705024309218,233.68723132212,226.6709991455078,219.65476696889561,4.387637657766712,58.1235790478984,1.4112518341555926,1.177295371049938,10.491973423937829,26.336944789946305,18.970735448019298,127.31832413716994
2024-10-15 00:00:00+00:00,233.6100006103516,237.4900054931641,232.3699951171875,233.8500061035156,233.59300231933597,64751400,227.79900054931642,224.15820037841797,228.91632934647907,223.97362022200392,233.61479993125613,227.52399978637695,221.43319964149777,4.5163779997836535,61.189283801837064,1.8087404171696164,1.3035843802738738,11.994047245966243,32.868335732719906,17.113544020924337,204.5118868562043
2024-10-16 00:00:00+00:00,231.6000061035156,232.1199951171875,229.83999633789065,231.77999877929688,231.5252685546875,34082200,228.29900054931642,224.64920043945312,229.4369965160823,224.27975271444677,233.56939823286302,228.0784996032715,222.58760097367997,4.480208840115216,57.50875196610063,1.934421880366358,1.4297518802923708,12.643195429587163,30.766993198351205,20.053049845282715,89.10210652809988
2024-10-17 00:00:00+00:00,233.42999267578125,233.8500061035156,230.5200042724609,232.1499938964844,231.89486694335935,32993800,228.9470001220703,225.09580017089843,229.9302687670645,224.5883896235463,234.00726354146053,228.24249954223632,222.4777355430121,4.398051196430188,57.99509645001196,2.040360849423024,1.5518736741185015,13.557254956111532,31.9127434400992,18.968532280124734,94.45611165164212
2024-10-18 00:00:00+00:00,236.17999267578125,236.17999267578125,234.00999450683597,235.0,234.74172973632807,46431500,229.76699981689453,225.52960021972658,230.85203808214365,224.99668806968177,235.05571410073944,228.5824996948242,222.10928528890898,4.371761738009829,61.63748337013382,2.327460404953854,1.706991020285572,14.800943987108232,33.61833796416462,17.71955619432759,146.11573620372988
2024-10-21 00:00:00+00:00,234.4499969482422,236.8500061035156,234.4499969482422,236.47999572753903,236.22010803222656,36254500,231.24599914550782,225.93440002441406,231.87530310857917,225.447013860186,236.32744995843296,229.082999420166,221.83854888189904,4.230922267547269,63.411781928774985,2.6439345260998834,1.8943797214484344,16.066486474967494,33.387335034402554,17.001592212461805,129.63938838874753
2024-10-22 00:00:00+00:00,233.88999938964844,236.22000122070312,232.6000061035156,235.8600006103516,235.60079956054688,38846600,232.25499877929687,226.30100006103515,232.59979356344687,225.8553662817611,237.27666528365086,229.50749969482422,221.73833410599758,4.205855650108567,62.11569699068584,2.812295728178242,2.077962922794396,16.649333085024963,31.18729835574309,19.023145922482698,92.7794504702322
2024-10-23 00:00:00+00:00,234.0800018310547,235.13999938964844,227.75999450683597,230.75999450683597,230.5063934326172,52287000,232.3769989013672,226.49079986572266,232.26528464406306,226.04770464352876,237.37632477545742,229.72699966430665,222.07767455315587,4.484009254378204,52.593026078647306,2.5053156049885104,2.163433459233219,15.860639076900902,27.1632001959463,24.278544183459324,18.120468865057607
2024-10-24 00:00:00+00:00,229.97999572753903,230.82000732421875,228.41000366210935,230.57000732421875,230.31661987304688,31109500,232.53000030517578,226.66779998779296,231.95705240409134,226.22504984669308,237.46811735376733,229.87949981689454,222.29088228002175,4.335865997562629,52.271540862798474,2.221097834588477,2.174966334304271,15.128280355537001,26.084763268713854,23.31463424655894,-14.469621204680932
2024-10-25 00:00:00+00:00,229.7400054931641,233.22000122070312,229.57000732421875,231.41000366210935,231.1556854248047,38802300,232.91600036621094,226.8016000366211,231.85758899645822,226.42838136886627,237.6137348921821,230.06050033569335,222.5072657792046,4.28687513313082,53.62139940702664,2.0401166928864143,2.1479964060206997,14.98325469242159,28.497279189552287,21.89671376375757,5.738456626184536
2024-10-28 00:00:00+00:00,233.32000732421875,234.72999572753903,232.5500030517578,233.3999938964844,233.14349365234372,36087100,233.1259994506836,226.94859985351562,232.13802625100843,226.70177793857678,237.66680770338354,230.08050003051758,222.49419235765163,4.217812056776031,56.74265237609225,2.0338188177379095,2.125160888364142,15.165304091582376,29.45222097999992,20.665592796107838,53.35226452023771
2024-10-29 00:00:00+00:00,233.1000061035156,234.3300018310547,232.32000732421875,233.6699981689453,233.41319274902344,35417200,233.10799865722657,227.10419982910156,232.4165665997242,226.97504147702261,237.97522181674063,230.4534996032715,222.93177738980236,4.0601108030171575,57.1638886298717,2.027245965008916,2.105577903693097,15.26467042013409,28.410750415560138,20.339455404284855,40.77677304510333
2024-10-30 00:00:00+00:00,232.6100006103516,233.47000122070312,229.5500030517578,230.1000061035156,229.8471221923828,47070900,232.93999938964845,227.17600006103515,231.99537378223172,227.0975891094341,237.95381319161794,230.61949996948243,223.28518674734693,4.064388254034154,50.202829141930245,1.7142080841184963,2.027303939778177,14.547791905435242,26.35364672432374,23.734834951792568,-46.61967464267793
2024-10-31 00:00:00+00:00,229.33999633789065,229.8300018310547,225.3699951171875,225.91000366210935,225.66172790527344,64370100,232.31600036621094,227.16620025634765,230.88894285130038,227.05101713110764,237.93409785685026,230.63150024414062,223.328902631431,4.111932734962132,43.50646467360244,1.1151701412674697,1.8448771800760355,14.160431696365306,24.18829309378514,29.045767502132485,-178.6648857502462
2024-11-01 00:00:00+00:00,220.97000122070312,225.3500061035156,220.2700042724609,222.91000366210935,222.6650238037109,65276700,231.10700073242188,227.1338003540039,229.43822663508382,226.88862444604888,238.32146846768518,230.4370002746582,222.55253208163123,4.221080353260255,39.449137195028634,0.3938136887058761,1.5546644818020037,14.787275298771256,21.87977849898801,34.90379680901953,-237.85328944147506
2024-11-04 00:00:00+00:00,220.9900054931641,222.7899932861328,219.7100067138672,222.00999450683597,221.76600646972656,44944500,229.66000061035157,227.03720031738283,228.0876389754024,226.6973056249033,238.26739081778123,230.4529998779297,222.63860893807816,4.148145824264469,38.29530627878582,-0.24763513054455188,1.1942045593326927,15.466525666717903,20.674158524349355,33.94480917899865,-198.1683477167374
2024-11-05 00:00:00+00:00,221.8000030517578,223.9499969482422,221.13999938964844,223.4499969482422,223.2044219970703,28111300,228.41900024414062,226.96260040283204,227.2444313341005,226.56996018660286,238.48765604107047,230.33699951171874,222.18634298236702,4.052563805207766,41.2558421597991,-0.6325007043688231,0.8288635065923896,15.760843909160249,21.69478282300275,32.263601296342124,-127.83151282157034
2024-11-06 00:00:00+00:00,222.6100006103516,226.07000732421875,221.19000244140625,222.72000122070312,222.4752349853516,54561100,227.61500091552733,226.85640045166016,226.42180767711915,226.4189814036264,238.79627079916878,229.99599990844726,221.19572901772574,4.111666739368452,40.202789500309535,-0.985058853529182,0.4660790345680753,15.441317709418165,23.538497972044034,29.528413459142012,-96.17628014806984
2024-11-07 00:00:00+00:00,224.6300048828125,227.8800048828125,224.57000732421875,227.47999572753903,227.22999572753903,42137700,227.30599975585938,226.87620025634766,226.6142055044682,226.4605898084857,238.77823126347874,229.9180000305176,221.05776879755643,4.186547948189851,49.29174744135391,-0.8703392222288358,0.1987953832086931,14.667803155455,24.55435401012133,26.928816512286186,-36.67671504345715
2024-11-08 00:00:00+00:00,227.1699981689453,228.66000366210935,226.41000366210935,226.9600067138672,226.9600067138672,38308700,226.86100006103516,226.81960052490234,226.67707845163164,226.48017478516735,238.7839304729607,229.88850021362305,220.9930699542854,4.048223094654766,48.42581794453044,-0.8120213786000932,-0.003367969153064143,13.747163771046875,24.955810241485146,25.859743634478175,-17.578065713336034
